timestamp,platform,target,url,request_num,status_code,response_time_ms,valid_title_found
2026-07-01T09:07:51.252861,zenrows,amazon_product,https://www.amazon.com/ATHMILE-Quick-Dry-Barefoot-Exercise-Accessories/dp/B09Q3MYDQH,1,200,8399.5,True
2026-07-01T09:08:03.982911,zenrows,amazon_product,https://www.amazon.com/ATHMILE-Quick-Dry-Barefoot-Exercise-Accessories/dp/B09Q3MYDQH,2,200,12579.6,True
2026-07-01T09:08:36.114834,zenrows,amazon_product,https://www.amazon.com/ATHMILE-Quick-Dry-Barefoot-Exercise-Accessories/dp/B09Q3MYDQH,3,200,31985.9,True
2026-07-01T09:08:42.464536,zenrows,amazon_product,https://www.amazon.com/ATHMILE-Quick-Dry-Barefoot-Exercise-Accessories/dp/B09Q3MYDQH,4,200,6215.7,True
2026-07-01T09:08:56.135152,zenrows,amazon_product,https://www.amazon.com/ATHMILE-Quick-Dry-Barefoot-Exercise-Accessories/dp/B09Q3MYDQH,5,200,13562.0,True
2026-07-01T09:09:12.301339,zenrows,amazon_product,https://www.amazon.com/ATHMILE-Quick-Dry-Barefoot-Exercise-Accessories/dp/B09Q3MYDQH,6,200,16012.6,True
2026-07-01T09:09:26.162504,zenrows,amazon_product,https://www.amazon.com/ATHMILE-Quick-Dry-Barefoot-Exercise-Accessories/dp/B09Q3MYDQH,7,200,13732.8,True
2026-07-01T09:10:28.664006,zenrows,amazon_product,https://www.amazon.com/ATHMILE-Quick-Dry-Barefoot-Exercise-Accessories/dp/B09Q3MYDQH,8,200,62231.7,True
2026-07-01T09:11:24.925336,zenrows,amazon_product,https://www.amazon.com/ATHMILE-Quick-Dry-Barefoot-Exercise-Accessories/dp/B09Q3MYDQH,9,200,55969.9,True
2026-07-01T09:12:28.924043,zenrows,amazon_product,https://www.amazon.com/ATHMILE-Quick-Dry-Barefoot-Exercise-Accessories/dp/B09Q3MYDQH,10,0,63997.5,False
2026-07-01T09:13:36.006386,zenrows,amazon_product,https://www.amazon.com/ATHMILE-Quick-Dry-Barefoot-Exercise-Accessories/dp/B09Q3MYDQH,11,200,66794.7,True
2026-07-01T09:14:47.514681,zenrows,amazon_product,https://www.amazon.com/ATHMILE-Quick-Dry-Barefoot-Exercise-Accessories/dp/B09Q3MYDQH,12,200,71395.5,True
2026-07-01T09:15:18.233693,zenrows,amazon_product,https://www.amazon.com/ATHMILE-Quick-Dry-Barefoot-Exercise-Accessories/dp/B09Q3MYDQH,13,200,30565.1,True
2026-07-01T09:15:44.336965,zenrows,amazon_product,https://www.amazon.com/ATHMILE-Quick-Dry-Barefoot-Exercise-Accessories/dp/B09Q3MYDQH,14,200,25955.5,True
2026-07-01T09:16:17.959053,zenrows,amazon_product,https://www.amazon.com/ATHMILE-Quick-Dry-Barefoot-Exercise-Accessories/dp/B09Q3MYDQH,15,200,33461.8,True
2026-07-01T09:16:41.195942,zenrows,amazon_product,https://www.amazon.com/ATHMILE-Quick-Dry-Barefoot-Exercise-Accessories/dp/B09Q3MYDQH,16,200,23136.5,True
2026-07-01T09:17:08.561343,zenrows,amazon_product,https://www.amazon.com/ATHMILE-Quick-Dry-Barefoot-Exercise-Accessories/dp/B09Q3MYDQH,17,200,27026.1,True
2026-07-01T09:17:27.121804,zenrows,amazon_product,https://www.amazon.com/ATHMILE-Quick-Dry-Barefoot-Exercise-Accessories/dp/B09Q3MYDQH,18,200,18461.9,True
2026-07-01T09:17:40.818078,zenrows,amazon_product,https://www.amazon.com/ATHMILE-Quick-Dry-Barefoot-Exercise-Accessories/dp/B09Q3MYDQH,19,200,13574.3,True
2026-07-01T09:17:48.819170,zenrows,amazon_product,https://www.amazon.com/ATHMILE-Quick-Dry-Barefoot-Exercise-Accessories/dp/B09Q3MYDQH,20,200,7914.4,True
2026-07-01T09:17:58.944215,zenrows,amazon_product,https://www.amazon.com/ATHMILE-Quick-Dry-Barefoot-Exercise-Accessories/dp/B09Q3MYDQH,21,200,9988.8,True
2026-07-01T09:18:07.419510,zenrows,amazon_product,https://www.amazon.com/ATHMILE-Quick-Dry-Barefoot-Exercise-Accessories/dp/B09Q3MYDQH,22,200,8387.5,True
2026-07-01T09:18:22.111163,zenrows,amazon_product,https://www.amazon.com/ATHMILE-Quick-Dry-Barefoot-Exercise-Accessories/dp/B09Q3MYDQH,23,200,14538.4,True
2026-07-01T09:19:03.438516,zenrows,amazon_product,https://www.amazon.com/ATHMILE-Quick-Dry-Barefoot-Exercise-Accessories/dp/B09Q3MYDQH,24,200,41041.1,True
2026-07-01T09:19:25.398179,zenrows,amazon_product,https://www.amazon.com/ATHMILE-Quick-Dry-Barefoot-Exercise-Accessories/dp/B09Q3MYDQH,25,200,21804.8,True
2026-07-01T09:19:49.137388,zenrows,amazon_product,https://www.amazon.com/ATHMILE-Quick-Dry-Barefoot-Exercise-Accessories/dp/B09Q3MYDQH,26,200,23606.5,True
2026-07-01T09:19:57.830884,zenrows,amazon_product,https://www.amazon.com/ATHMILE-Quick-Dry-Barefoot-Exercise-Accessories/dp/B09Q3MYDQH,27,200,8558.9,True
2026-07-01T09:20:40.348699,zenrows,amazon_product,https://www.amazon.com/ATHMILE-Quick-Dry-Barefoot-Exercise-Accessories/dp/B09Q3MYDQH,28,200,42363.4,True
2026-07-01T09:21:04.945358,zenrows,amazon_product,https://www.amazon.com/ATHMILE-Quick-Dry-Barefoot-Exercise-Accessories/dp/B09Q3MYDQH,29,200,24502.1,True
2026-07-01T09:21:34.082992,zenrows,amazon_product,https://www.amazon.com/ATHMILE-Quick-Dry-Barefoot-Exercise-Accessories/dp/B09Q3MYDQH,30,200,29041.1,True
2026-07-01T09:22:02.111802,zenrows,amazon_product,https://www.amazon.com/ATHMILE-Quick-Dry-Barefoot-Exercise-Accessories/dp/B09Q3MYDQH,31,200,27711.6,True
2026-07-01T09:22:13.250753,zenrows,amazon_product,https://www.amazon.com/ATHMILE-Quick-Dry-Barefoot-Exercise-Accessories/dp/B09Q3MYDQH,32,200,11010.5,True
2026-07-01T09:22:19.869689,zenrows,amazon_product,https://www.amazon.com/ATHMILE-Quick-Dry-Barefoot-Exercise-Accessories/dp/B09Q3MYDQH,33,200,6494.9,True
2026-07-01T09:22:32.166291,zenrows,amazon_product,https://www.amazon.com/ATHMILE-Quick-Dry-Barefoot-Exercise-Accessories/dp/B09Q3MYDQH,34,200,12158.9,True
2026-07-01T09:22:47.654754,zenrows,amazon_product,https://www.amazon.com/ATHMILE-Quick-Dry-Barefoot-Exercise-Accessories/dp/B09Q3MYDQH,35,200,15361.8,True
2026-07-01T09:23:48.027153,zenrows,amazon_product,https://www.amazon.com/ATHMILE-Quick-Dry-Barefoot-Exercise-Accessories/dp/B09Q3MYDQH,36,200,60204.0,True
2026-07-01T09:24:16.424786,zenrows,amazon_product,https://www.amazon.com/ATHMILE-Quick-Dry-Barefoot-Exercise-Accessories/dp/B09Q3MYDQH,37,200,28303.5,True
2026-07-01T09:24:23.989206,zenrows,amazon_product,https://www.amazon.com/ATHMILE-Quick-Dry-Barefoot-Exercise-Accessories/dp/B09Q3MYDQH,38,200,7256.2,True
2026-07-01T09:24:28.416010,zenrows,amazon_product,https://www.amazon.com/ATHMILE-Quick-Dry-Barefoot-Exercise-Accessories/dp/B09Q3MYDQH,39,200,4334.5,True
2026-07-01T09:24:36.496559,zenrows,amazon_product,https://www.amazon.com/ATHMILE-Quick-Dry-Barefoot-Exercise-Accessories/dp/B09Q3MYDQH,40,200,7989.1,True
2026-07-01T09:24:52.172713,zenrows,amazon_product,https://www.amazon.com/ATHMILE-Quick-Dry-Barefoot-Exercise-Accessories/dp/B09Q3MYDQH,41,200,15582.4,True
2026-07-01T09:25:20.088055,zenrows,amazon_product,https://www.amazon.com/ATHMILE-Quick-Dry-Barefoot-Exercise-Accessories/dp/B09Q3MYDQH,42,200,27745.6,True
2026-07-01T09:25:41.051189,zenrows,amazon_product,https://www.amazon.com/ATHMILE-Quick-Dry-Barefoot-Exercise-Accessories/dp/B09Q3MYDQH,43,200,20869.7,True
2026-07-01T09:26:05.511436,zenrows,amazon_product,https://www.amazon.com/ATHMILE-Quick-Dry-Barefoot-Exercise-Accessories/dp/B09Q3MYDQH,44,200,24162.9,True
2026-07-01T09:26:09.815542,zenrows,amazon_product,https://www.amazon.com/ATHMILE-Quick-Dry-Barefoot-Exercise-Accessories/dp/B09Q3MYDQH,45,200,4207.8,True
2026-07-01T09:26:15.256551,zenrows,amazon_product,https://www.amazon.com/ATHMILE-Quick-Dry-Barefoot-Exercise-Accessories/dp/B09Q3MYDQH,46,200,5349.2,True
2026-07-01T09:27:11.404739,zenrows,amazon_product,https://www.amazon.com/ATHMILE-Quick-Dry-Barefoot-Exercise-Accessories/dp/B09Q3MYDQH,47,200,55827.1,True
2026-07-01T09:27:47.317871,zenrows,amazon_product,https://www.amazon.com/ATHMILE-Quick-Dry-Barefoot-Exercise-Accessories/dp/B09Q3MYDQH,48,200,35779.9,True
2026-07-01T09:29:30.483703,zenrows,amazon_product,https://www.amazon.com/ATHMILE-Quick-Dry-Barefoot-Exercise-Accessories/dp/B09Q3MYDQH,49,200,103082.3,True
2026-07-01T09:29:40.814193,zenrows,amazon_product,https://www.amazon.com/ATHMILE-Quick-Dry-Barefoot-Exercise-Accessories/dp/B09Q3MYDQH,50,200,10025.7,True
2026-07-01T09:29:51.233277,zenrows,amazon_product,https://www.amazon.com/ATHMILE-Quick-Dry-Barefoot-Exercise-Accessories/dp/B09Q3MYDQH,51,200,10180.4,True
2026-07-01T09:29:59.908767,zenrows,amazon_product,https://www.amazon.com/ATHMILE-Quick-Dry-Barefoot-Exercise-Accessories/dp/B09Q3MYDQH,52,200,8580.6,True
2026-07-01T09:30:07.688192,zenrows,amazon_product,https://www.amazon.com/ATHMILE-Quick-Dry-Barefoot-Exercise-Accessories/dp/B09Q3MYDQH,53,200,7694.7,True
2026-07-01T09:30:32.476752,zenrows,amazon_product,https://www.amazon.com/ATHMILE-Quick-Dry-Barefoot-Exercise-Accessories/dp/B09Q3MYDQH,54,200,24616.8,True
2026-07-01T09:30:36.919234,zenrows,amazon_product,https://www.amazon.com/ATHMILE-Quick-Dry-Barefoot-Exercise-Accessories/dp/B09Q3MYDQH,55,200,4349.9,True
2026-07-01T09:30:50.198094,zenrows,amazon_product,https://www.amazon.com/ATHMILE-Quick-Dry-Barefoot-Exercise-Accessories/dp/B09Q3MYDQH,56,200,13184.4,True
2026-07-01T09:31:12.423487,zenrows,amazon_product,https://www.amazon.com/ATHMILE-Quick-Dry-Barefoot-Exercise-Accessories/dp/B09Q3MYDQH,57,200,21925.4,True
2026-07-01T09:31:46.256020,zenrows,amazon_product,https://www.amazon.com/ATHMILE-Quick-Dry-Barefoot-Exercise-Accessories/dp/B09Q3MYDQH,58,200,33536.1,True
2026-07-01T09:31:59.073839,zenrows,amazon_product,https://www.amazon.com/ATHMILE-Quick-Dry-Barefoot-Exercise-Accessories/dp/B09Q3MYDQH,59,200,12529.8,True
2026-07-01T09:32:15.572785,zenrows,amazon_product,https://www.amazon.com/ATHMILE-Quick-Dry-Barefoot-Exercise-Accessories/dp/B09Q3MYDQH,60,200,16190.1,True
2026-07-01T09:33:05.312104,zenrows,amazon_product,https://www.amazon.com/ATHMILE-Quick-Dry-Barefoot-Exercise-Accessories/dp/B09Q3MYDQH,61,200,49422.6,True
2026-07-01T09:33:13.826572,zenrows,amazon_product,https://www.amazon.com/ATHMILE-Quick-Dry-Barefoot-Exercise-Accessories/dp/B09Q3MYDQH,62,200,8381.0,True
2026-07-01T09:33:29.945768,zenrows,amazon_product,https://www.amazon.com/ATHMILE-Quick-Dry-Barefoot-Exercise-Accessories/dp/B09Q3MYDQH,63,200,15793.4,True
2026-07-01T09:33:39.557022,zenrows,amazon_product,https://www.amazon.com/ATHMILE-Quick-Dry-Barefoot-Exercise-Accessories/dp/B09Q3MYDQH,64,200,9520.7,True
2026-07-01T09:33:48.119962,zenrows,amazon_product,https://www.amazon.com/ATHMILE-Quick-Dry-Barefoot-Exercise-Accessories/dp/B09Q3MYDQH,65,200,8465.7,True
2026-07-01T09:34:13.172774,zenrows,amazon_product,https://www.amazon.com/ATHMILE-Quick-Dry-Barefoot-Exercise-Accessories/dp/B09Q3MYDQH,66,200,24915.4,True
2026-07-01T09:35:52.877079,zenrows,amazon_product,https://www.amazon.com/ATHMILE-Quick-Dry-Barefoot-Exercise-Accessories/dp/B09Q3MYDQH,67,200,99414.1,True
2026-07-01T09:36:02.833739,zenrows,amazon_product,https://www.amazon.com/ATHMILE-Quick-Dry-Barefoot-Exercise-Accessories/dp/B09Q3MYDQH,68,200,9792.9,True
2026-07-01T09:36:10.907394,zenrows,amazon_product,https://www.amazon.com/ATHMILE-Quick-Dry-Barefoot-Exercise-Accessories/dp/B09Q3MYDQH,69,200,7982.9,True
2026-07-01T09:36:28.084735,zenrows,amazon_product,https://www.amazon.com/ATHMILE-Quick-Dry-Barefoot-Exercise-Accessories/dp/B09Q3MYDQH,70,200,17083.0,True
2026-07-01T09:36:34.278380,zenrows,amazon_product,https://www.amazon.com/ATHMILE-Quick-Dry-Barefoot-Exercise-Accessories/dp/B09Q3MYDQH,71,200,6100.4,True
2026-07-01T09:36:49.969237,zenrows,amazon_product,https://www.amazon.com/ATHMILE-Quick-Dry-Barefoot-Exercise-Accessories/dp/B09Q3MYDQH,72,200,15536.9,True
2026-07-01T09:37:15.069947,zenrows,amazon_product,https://www.amazon.com/ATHMILE-Quick-Dry-Barefoot-Exercise-Accessories/dp/B09Q3MYDQH,73,200,25002.5,True
2026-07-01T09:37:36.481007,zenrows,amazon_product,https://www.amazon.com/ATHMILE-Quick-Dry-Barefoot-Exercise-Accessories/dp/B09Q3MYDQH,74,200,21313.2,True
2026-07-01T09:37:44.634993,zenrows,amazon_product,https://www.amazon.com/ATHMILE-Quick-Dry-Barefoot-Exercise-Accessories/dp/B09Q3MYDQH,75,200,7897.0,True
2026-07-01T09:37:54.444068,zenrows,amazon_product,https://www.amazon.com/ATHMILE-Quick-Dry-Barefoot-Exercise-Accessories/dp/B09Q3MYDQH,76,200,9662.5,True
2026-07-01T09:38:15.682844,zenrows,amazon_product,https://www.amazon.com/ATHMILE-Quick-Dry-Barefoot-Exercise-Accessories/dp/B09Q3MYDQH,77,200,20912.1,True
2026-07-01T09:38:33.268167,zenrows,amazon_product,https://www.amazon.com/ATHMILE-Quick-Dry-Barefoot-Exercise-Accessories/dp/B09Q3MYDQH,78,200,17491.2,True
2026-07-01T09:39:02.212555,zenrows,amazon_product,https://www.amazon.com/ATHMILE-Quick-Dry-Barefoot-Exercise-Accessories/dp/B09Q3MYDQH,79,200,28850.3,True
2026-07-01T09:39:19.798078,zenrows,amazon_product,https://www.amazon.com/ATHMILE-Quick-Dry-Barefoot-Exercise-Accessories/dp/B09Q3MYDQH,80,200,17280.5,True
2026-07-01T09:39:28.663090,zenrows,amazon_product,https://www.amazon.com/ATHMILE-Quick-Dry-Barefoot-Exercise-Accessories/dp/B09Q3MYDQH,81,200,8773.1,True
2026-07-01T09:39:36.026531,zenrows,amazon_product,https://www.amazon.com/ATHMILE-Quick-Dry-Barefoot-Exercise-Accessories/dp/B09Q3MYDQH,82,200,7071.6,True
2026-07-01T09:39:53.115276,zenrows,amazon_product,https://www.amazon.com/ATHMILE-Quick-Dry-Barefoot-Exercise-Accessories/dp/B09Q3MYDQH,83,200,16997.0,True
2026-07-01T09:40:02.002229,zenrows,amazon_product,https://www.amazon.com/ATHMILE-Quick-Dry-Barefoot-Exercise-Accessories/dp/B09Q3MYDQH,84,200,8719.7,True
2026-07-01T09:40:39.495236,zenrows,amazon_product,https://www.amazon.com/ATHMILE-Quick-Dry-Barefoot-Exercise-Accessories/dp/B09Q3MYDQH,85,200,37395.0,True
2026-07-01T09:41:00.605158,zenrows,amazon_product,https://www.amazon.com/ATHMILE-Quick-Dry-Barefoot-Exercise-Accessories/dp/B09Q3MYDQH,86,200,20954.0,True
2026-07-01T09:41:11.603993,zenrows,amazon_product,https://www.amazon.com/ATHMILE-Quick-Dry-Barefoot-Exercise-Accessories/dp/B09Q3MYDQH,87,200,10861.3,True
2026-07-01T09:41:20.176662,zenrows,amazon_product,https://www.amazon.com/ATHMILE-Quick-Dry-Barefoot-Exercise-Accessories/dp/B09Q3MYDQH,88,200,8384.2,True
2026-07-01T09:41:30.132053,zenrows,amazon_product,https://www.amazon.com/ATHMILE-Quick-Dry-Barefoot-Exercise-Accessories/dp/B09Q3MYDQH,89,200,9648.4,True
2026-07-01T09:41:45.070535,zenrows,amazon_product,https://www.amazon.com/ATHMILE-Quick-Dry-Barefoot-Exercise-Accessories/dp/B09Q3MYDQH,90,200,14776.1,True
2026-07-01T09:42:48.012985,zenrows,amazon_product,https://www.amazon.com/ATHMILE-Quick-Dry-Barefoot-Exercise-Accessories/dp/B09Q3MYDQH,91,200,62611.4,True
2026-07-01T09:43:17.141562,zenrows,amazon_product,https://www.amazon.com/ATHMILE-Quick-Dry-Barefoot-Exercise-Accessories/dp/B09Q3MYDQH,92,200,28977.0,True
2026-07-01T09:43:38.950066,zenrows,amazon_product,https://www.amazon.com/ATHMILE-Quick-Dry-Barefoot-Exercise-Accessories/dp/B09Q3MYDQH,93,200,21697.6,True
2026-07-01T09:44:03.844864,zenrows,amazon_product,https://www.amazon.com/ATHMILE-Quick-Dry-Barefoot-Exercise-Accessories/dp/B09Q3MYDQH,94,200,24711.5,True
2026-07-01T09:44:21.090410,zenrows,amazon_product,https://www.amazon.com/ATHMILE-Quick-Dry-Barefoot-Exercise-Accessories/dp/B09Q3MYDQH,95,200,17094.2,True
2026-07-01T09:44:33.524280,zenrows,amazon_product,https://www.amazon.com/ATHMILE-Quick-Dry-Barefoot-Exercise-Accessories/dp/B09Q3MYDQH,96,200,12349.3,True
2026-07-01T09:44:48.239173,zenrows,amazon_product,https://www.amazon.com/ATHMILE-Quick-Dry-Barefoot-Exercise-Accessories/dp/B09Q3MYDQH,97,200,14598.7,True
2026-07-01T09:44:53.680722,zenrows,amazon_product,https://www.amazon.com/ATHMILE-Quick-Dry-Barefoot-Exercise-Accessories/dp/B09Q3MYDQH,98,200,5319.8,True
2026-07-01T09:45:06.004819,zenrows,amazon_product,https://www.amazon.com/ATHMILE-Quick-Dry-Barefoot-Exercise-Accessories/dp/B09Q3MYDQH,99,200,12039.5,True
2026-07-01T09:45:27.537683,zenrows,amazon_product,https://www.amazon.com/ATHMILE-Quick-Dry-Barefoot-Exercise-Accessories/dp/B09Q3MYDQH,100,200,21218.6,True
2026-07-01T09:45:32.336568,zyte,amazon_product,https://www.amazon.com/ATHMILE-Quick-Dry-Barefoot-Exercise-Accessories/dp/B09Q3MYDQH,1,200,4702.8,True
2026-07-01T09:45:39.819282,zyte,amazon_product,https://www.amazon.com/ATHMILE-Quick-Dry-Barefoot-Exercise-Accessories/dp/B09Q3MYDQH,2,200,7201.3,True
2026-07-01T09:45:45.511490,zyte,amazon_product,https://www.amazon.com/ATHMILE-Quick-Dry-Barefoot-Exercise-Accessories/dp/B09Q3MYDQH,3,200,5408.8,True
2026-07-01T09:45:51.785582,zyte,amazon_product,https://www.amazon.com/ATHMILE-Quick-Dry-Barefoot-Exercise-Accessories/dp/B09Q3MYDQH,4,200,5986.7,True
2026-07-01T09:45:59.721585,zyte,amazon_product,https://www.amazon.com/ATHMILE-Quick-Dry-Barefoot-Exercise-Accessories/dp/B09Q3MYDQH,5,200,7662.5,True
2026-07-01T09:46:08.608790,zyte,amazon_product,https://www.amazon.com/ATHMILE-Quick-Dry-Barefoot-Exercise-Accessories/dp/B09Q3MYDQH,6,200,8559.5,True
2026-07-01T09:46:12.149360,zyte,amazon_product,https://www.amazon.com/ATHMILE-Quick-Dry-Barefoot-Exercise-Accessories/dp/B09Q3MYDQH,7,200,3376.7,True
2026-07-01T09:46:19.185354,zyte,amazon_product,https://www.amazon.com/ATHMILE-Quick-Dry-Barefoot-Exercise-Accessories/dp/B09Q3MYDQH,8,200,6755.3,True
2026-07-01T09:46:26.281747,zyte,amazon_product,https://www.amazon.com/ATHMILE-Quick-Dry-Barefoot-Exercise-Accessories/dp/B09Q3MYDQH,9,200,6815.8,True
2026-07-01T09:46:32.321726,zyte,amazon_product,https://www.amazon.com/ATHMILE-Quick-Dry-Barefoot-Exercise-Accessories/dp/B09Q3MYDQH,10,200,5896.9,True
2026-07-01T09:46:39.439141,zyte,amazon_product,https://www.amazon.com/ATHMILE-Quick-Dry-Barefoot-Exercise-Accessories/dp/B09Q3MYDQH,11,200,6827.7,True
2026-07-01T09:46:44.998803,zyte,amazon_product,https://www.amazon.com/ATHMILE-Quick-Dry-Barefoot-Exercise-Accessories/dp/B09Q3MYDQH,12,200,5275.5,True
2026-07-01T09:46:55.158395,zyte,amazon_product,https://www.amazon.com/ATHMILE-Quick-Dry-Barefoot-Exercise-Accessories/dp/B09Q3MYDQH,13,200,9873.6,True
2026-07-01T09:47:02.907340,zyte,amazon_product,https://www.amazon.com/ATHMILE-Quick-Dry-Barefoot-Exercise-Accessories/dp/B09Q3MYDQH,14,200,7471.3,True
2026-07-01T09:47:13.924152,zyte,amazon_product,https://www.amazon.com/ATHMILE-Quick-Dry-Barefoot-Exercise-Accessories/dp/B09Q3MYDQH,15,200,10708.3,True
2026-07-01T09:47:21.231296,zyte,amazon_product,https://www.amazon.com/ATHMILE-Quick-Dry-Barefoot-Exercise-Accessories/dp/B09Q3MYDQH,16,200,7039.0,True
2026-07-01T09:47:43.167101,zyte,amazon_product,https://www.amazon.com/ATHMILE-Quick-Dry-Barefoot-Exercise-Accessories/dp/B09Q3MYDQH,17,200,21662.8,True
2026-07-01T09:47:59.689563,zyte,amazon_product,https://www.amazon.com/ATHMILE-Quick-Dry-Barefoot-Exercise-Accessories/dp/B09Q3MYDQH,18,200,16276.0,True
2026-07-01T09:48:08.091833,zyte,amazon_product,https://www.amazon.com/ATHMILE-Quick-Dry-Barefoot-Exercise-Accessories/dp/B09Q3MYDQH,19,200,8090.4,True
2026-07-01T09:48:18.568029,zyte,amazon_product,https://www.amazon.com/ATHMILE-Quick-Dry-Barefoot-Exercise-Accessories/dp/B09Q3MYDQH,20,200,10200.4,True
2026-07-01T09:48:25.845194,zyte,amazon_product,https://www.amazon.com/ATHMILE-Quick-Dry-Barefoot-Exercise-Accessories/dp/B09Q3MYDQH,21,200,7133.6,True
2026-07-01T09:49:04.315223,zyte,amazon_product,https://www.amazon.com/ATHMILE-Quick-Dry-Barefoot-Exercise-Accessories/dp/B09Q3MYDQH,22,200,38177.9,True
2026-07-01T09:49:12.609772,zyte,amazon_product,https://www.amazon.com/ATHMILE-Quick-Dry-Barefoot-Exercise-Accessories/dp/B09Q3MYDQH,23,200,8034.5,True
2026-07-01T09:49:20.567743,zyte,amazon_product,https://www.amazon.com/ATHMILE-Quick-Dry-Barefoot-Exercise-Accessories/dp/B09Q3MYDQH,24,200,7702.7,True
2026-07-01T09:49:28.725719,zyte,amazon_product,https://www.amazon.com/ATHMILE-Quick-Dry-Barefoot-Exercise-Accessories/dp/B09Q3MYDQH,25,200,7872.5,True
2026-07-01T09:49:36.098630,zyte,amazon_product,https://www.amazon.com/ATHMILE-Quick-Dry-Barefoot-Exercise-Accessories/dp/B09Q3MYDQH,26,200,7099.8,True
2026-07-01T09:49:44.313654,zyte,amazon_product,https://www.amazon.com/ATHMILE-Quick-Dry-Barefoot-Exercise-Accessories/dp/B09Q3MYDQH,27,200,7947.7,True
2026-07-01T09:49:51.266609,zyte,amazon_product,https://www.amazon.com/ATHMILE-Quick-Dry-Barefoot-Exercise-Accessories/dp/B09Q3MYDQH,28,200,6711.6,True
2026-07-01T09:49:58.382110,zyte,amazon_product,https://www.amazon.com/ATHMILE-Quick-Dry-Barefoot-Exercise-Accessories/dp/B09Q3MYDQH,29,200,6840.3,True
2026-07-01T09:50:06.136131,zyte,amazon_product,https://www.amazon.com/ATHMILE-Quick-Dry-Barefoot-Exercise-Accessories/dp/B09Q3MYDQH,30,200,7492.9,True
2026-07-01T09:50:21.113984,zyte,amazon_product,https://www.amazon.com/ATHMILE-Quick-Dry-Barefoot-Exercise-Accessories/dp/B09Q3MYDQH,31,200,14707.4,True
2026-07-01T09:50:59.231845,zyte,amazon_product,https://www.amazon.com/ATHMILE-Quick-Dry-Barefoot-Exercise-Accessories/dp/B09Q3MYDQH,32,200,37864.9,True
2026-07-01T09:51:33.779757,zyte,amazon_product,https://www.amazon.com/ATHMILE-Quick-Dry-Barefoot-Exercise-Accessories/dp/B09Q3MYDQH,33,200,34255.7,True
2026-07-01T09:51:41.241864,zyte,amazon_product,https://www.amazon.com/ATHMILE-Quick-Dry-Barefoot-Exercise-Accessories/dp/B09Q3MYDQH,34,200,7310.3,True
2026-07-01T09:51:48.153407,zyte,amazon_product,https://www.amazon.com/ATHMILE-Quick-Dry-Barefoot-Exercise-Accessories/dp/B09Q3MYDQH,35,200,6656.8,True
2026-07-01T09:51:54.721675,zyte,amazon_product,https://www.amazon.com/ATHMILE-Quick-Dry-Barefoot-Exercise-Accessories/dp/B09Q3MYDQH,36,200,6257.9,True
2026-07-01T09:52:02.241514,zyte,amazon_product,https://www.amazon.com/ATHMILE-Quick-Dry-Barefoot-Exercise-Accessories/dp/B09Q3MYDQH,37,200,7217.0,True
2026-07-01T09:52:12.392941,zyte,amazon_product,https://www.amazon.com/ATHMILE-Quick-Dry-Barefoot-Exercise-Accessories/dp/B09Q3MYDQH,38,200,9862.6,True
2026-07-01T09:52:53.305380,zyte,amazon_product,https://www.amazon.com/ATHMILE-Quick-Dry-Barefoot-Exercise-Accessories/dp/B09Q3MYDQH,39,520,40908.8,False
2026-07-01T09:53:03.744935,zyte,amazon_product,https://www.amazon.com/ATHMILE-Quick-Dry-Barefoot-Exercise-Accessories/dp/B09Q3MYDQH,40,200,10168.0,True
2026-07-01T09:53:22.842820,zyte,amazon_product,https://www.amazon.com/ATHMILE-Quick-Dry-Barefoot-Exercise-Accessories/dp/B09Q3MYDQH,41,200,18797.3,True
2026-07-01T09:54:10.848222,zyte,amazon_product,https://www.amazon.com/ATHMILE-Quick-Dry-Barefoot-Exercise-Accessories/dp/B09Q3MYDQH,42,200,47729.0,True
2026-07-01T09:54:19.849215,zyte,amazon_product,https://www.amazon.com/ATHMILE-Quick-Dry-Barefoot-Exercise-Accessories/dp/B09Q3MYDQH,43,200,8718.0,True
2026-07-01T09:54:57.232599,zyte,amazon_product,https://www.amazon.com/ATHMILE-Quick-Dry-Barefoot-Exercise-Accessories/dp/B09Q3MYDQH,44,520,37374.5,False
2026-07-01T09:55:05.957520,zyte,amazon_product,https://www.amazon.com/ATHMILE-Quick-Dry-Barefoot-Exercise-Accessories/dp/B09Q3MYDQH,45,200,8455.4,True
2026-07-01T09:55:11.445620,zyte,amazon_product,https://www.amazon.com/ATHMILE-Quick-Dry-Barefoot-Exercise-Accessories/dp/B09Q3MYDQH,46,200,5187.9,True
2026-07-01T09:55:18.500311,zyte,amazon_product,https://www.amazon.com/ATHMILE-Quick-Dry-Barefoot-Exercise-Accessories/dp/B09Q3MYDQH,47,200,6759.8,True
2026-07-01T09:55:27.952531,zyte,amazon_product,https://www.amazon.com/ATHMILE-Quick-Dry-Barefoot-Exercise-Accessories/dp/B09Q3MYDQH,48,200,9311.7,True
2026-07-01T09:55:36.280931,zyte,amazon_product,https://www.amazon.com/ATHMILE-Quick-Dry-Barefoot-Exercise-Accessories/dp/B09Q3MYDQH,49,200,8031.1,True
2026-07-01T09:55:48.234246,zyte,amazon_product,https://www.amazon.com/ATHMILE-Quick-Dry-Barefoot-Exercise-Accessories/dp/B09Q3MYDQH,50,200,11641.8,True
2026-07-01T09:55:52.415052,zyte,amazon_product,https://www.amazon.com/ATHMILE-Quick-Dry-Barefoot-Exercise-Accessories/dp/B09Q3MYDQH,51,200,4029.1,True
2026-07-01T09:56:01.808959,zyte,amazon_product,https://www.amazon.com/ATHMILE-Quick-Dry-Barefoot-Exercise-Accessories/dp/B09Q3MYDQH,52,200,9100.8,True
2026-07-01T09:56:17.758741,zyte,amazon_product,https://www.amazon.com/ATHMILE-Quick-Dry-Barefoot-Exercise-Accessories/dp/B09Q3MYDQH,53,200,15654.4,True
2026-07-01T09:56:44.734703,zyte,amazon_product,https://www.amazon.com/ATHMILE-Quick-Dry-Barefoot-Exercise-Accessories/dp/B09Q3MYDQH,54,200,26699.7,True
2026-07-01T09:56:57.333374,zyte,amazon_product,https://www.amazon.com/ATHMILE-Quick-Dry-Barefoot-Exercise-Accessories/dp/B09Q3MYDQH,55,200,12268.1,True
2026-07-01T09:57:09.936418,zyte,amazon_product,https://www.amazon.com/ATHMILE-Quick-Dry-Barefoot-Exercise-Accessories/dp/B09Q3MYDQH,56,200,12279.1,True
2026-07-01T09:57:18.747719,zyte,amazon_product,https://www.amazon.com/ATHMILE-Quick-Dry-Barefoot-Exercise-Accessories/dp/B09Q3MYDQH,57,200,8668.1,True
2026-07-01T09:57:32.017184,zyte,amazon_product,https://www.amazon.com/ATHMILE-Quick-Dry-Barefoot-Exercise-Accessories/dp/B09Q3MYDQH,58,200,12967.5,True
2026-07-01T09:58:17.215832,zyte,amazon_product,https://www.amazon.com/ATHMILE-Quick-Dry-Barefoot-Exercise-Accessories/dp/B09Q3MYDQH,59,200,44884.1,True
2026-07-01T09:58:30.862102,zyte,amazon_product,https://www.amazon.com/ATHMILE-Quick-Dry-Barefoot-Exercise-Accessories/dp/B09Q3MYDQH,60,200,13371.6,True
2026-07-01T09:58:36.818064,zyte,amazon_product,https://www.amazon.com/ATHMILE-Quick-Dry-Barefoot-Exercise-Accessories/dp/B09Q3MYDQH,61,200,5654.3,True
2026-07-01T09:58:43.762071,zyte,amazon_product,https://www.amazon.com/ATHMILE-Quick-Dry-Barefoot-Exercise-Accessories/dp/B09Q3MYDQH,62,200,6643.6,True
2026-07-01T09:59:20.350499,zyte,amazon_product,https://www.amazon.com/ATHMILE-Quick-Dry-Barefoot-Exercise-Accessories/dp/B09Q3MYDQH,63,200,36263.6,True
2026-07-01T09:59:27.027710,zyte,amazon_product,https://www.amazon.com/ATHMILE-Quick-Dry-Barefoot-Exercise-Accessories/dp/B09Q3MYDQH,64,200,6410.9,True
2026-07-01T09:59:31.556300,zyte,amazon_product,https://www.amazon.com/ATHMILE-Quick-Dry-Barefoot-Exercise-Accessories/dp/B09Q3MYDQH,65,200,4349.0,True
2026-07-01T09:59:46.815951,zyte,amazon_product,https://www.amazon.com/ATHMILE-Quick-Dry-Barefoot-Exercise-Accessories/dp/B09Q3MYDQH,66,200,15099.3,True
2026-07-01T09:59:55.487850,zyte,amazon_product,https://www.amazon.com/ATHMILE-Quick-Dry-Barefoot-Exercise-Accessories/dp/B09Q3MYDQH,67,200,8350.9,True
2026-07-01T10:00:02.627780,zyte,amazon_product,https://www.amazon.com/ATHMILE-Quick-Dry-Barefoot-Exercise-Accessories/dp/B09Q3MYDQH,68,200,6841.5,True
2026-07-01T10:00:07.716375,zyte,amazon_product,https://www.amazon.com/ATHMILE-Quick-Dry-Barefoot-Exercise-Accessories/dp/B09Q3MYDQH,69,200,4924.7,True
2026-07-01T10:00:14.077048,zyte,amazon_product,https://www.amazon.com/ATHMILE-Quick-Dry-Barefoot-Exercise-Accessories/dp/B09Q3MYDQH,70,200,6039.6,True
2026-07-01T10:00:19.837718,zyte,amazon_product,https://www.amazon.com/ATHMILE-Quick-Dry-Barefoot-Exercise-Accessories/dp/B09Q3MYDQH,71,200,5496.0,True
2026-07-01T10:00:24.142142,zyte,amazon_product,https://www.amazon.com/ATHMILE-Quick-Dry-Barefoot-Exercise-Accessories/dp/B09Q3MYDQH,72,200,4162.1,True
2026-07-01T10:00:44.046881,zyte,amazon_product,https://www.amazon.com/ATHMILE-Quick-Dry-Barefoot-Exercise-Accessories/dp/B09Q3MYDQH,73,200,19629.8,True
2026-07-01T10:00:55.331213,zyte,amazon_product,https://www.amazon.com/ATHMILE-Quick-Dry-Barefoot-Exercise-Accessories/dp/B09Q3MYDQH,74,200,10996.4,True
2026-07-01T10:01:06.138996,zyte,amazon_product,https://www.amazon.com/ATHMILE-Quick-Dry-Barefoot-Exercise-Accessories/dp/B09Q3MYDQH,75,200,10523.7,True
2026-07-01T10:01:18.515919,zyte,amazon_product,https://www.amazon.com/ATHMILE-Quick-Dry-Barefoot-Exercise-Accessories/dp/B09Q3MYDQH,76,200,12089.9,True
2026-07-01T10:01:39.304608,zyte,amazon_product,https://www.amazon.com/ATHMILE-Quick-Dry-Barefoot-Exercise-Accessories/dp/B09Q3MYDQH,77,200,20523.0,True
2026-07-01T10:01:58.401258,zyte,amazon_product,https://www.amazon.com/ATHMILE-Quick-Dry-Barefoot-Exercise-Accessories/dp/B09Q3MYDQH,78,200,18802.4,True
2026-07-01T10:02:08.359322,zyte,amazon_product,https://www.amazon.com/ATHMILE-Quick-Dry-Barefoot-Exercise-Accessories/dp/B09Q3MYDQH,79,200,9658.6,True
2026-07-01T10:02:12.330100,zyte,amazon_product,https://www.amazon.com/ATHMILE-Quick-Dry-Barefoot-Exercise-Accessories/dp/B09Q3MYDQH,80,200,3858.1,True
2026-07-01T10:02:22.999203,zyte,amazon_product,https://www.amazon.com/ATHMILE-Quick-Dry-Barefoot-Exercise-Accessories/dp/B09Q3MYDQH,81,200,10373.8,True
2026-07-01T10:02:33.595876,zyte,amazon_product,https://www.amazon.com/ATHMILE-Quick-Dry-Barefoot-Exercise-Accessories/dp/B09Q3MYDQH,82,200,10449.5,True
2026-07-01T10:02:56.128757,zyte,amazon_product,https://www.amazon.com/ATHMILE-Quick-Dry-Barefoot-Exercise-Accessories/dp/B09Q3MYDQH,83,200,22202.2,True
2026-07-01T10:03:16.244146,zyte,amazon_product,https://www.amazon.com/ATHMILE-Quick-Dry-Barefoot-Exercise-Accessories/dp/B09Q3MYDQH,84,200,19811.6,True
2026-07-01T10:03:21.722317,zyte,amazon_product,https://www.amazon.com/ATHMILE-Quick-Dry-Barefoot-Exercise-Accessories/dp/B09Q3MYDQH,85,200,5324.2,True
2026-07-01T10:03:35.342595,zyte,amazon_product,https://www.amazon.com/ATHMILE-Quick-Dry-Barefoot-Exercise-Accessories/dp/B09Q3MYDQH,86,200,13325.4,True
2026-07-01T10:03:42.139346,zyte,amazon_product,https://www.amazon.com/ATHMILE-Quick-Dry-Barefoot-Exercise-Accessories/dp/B09Q3MYDQH,87,200,6499.8,True
2026-07-01T10:03:50.377779,zyte,amazon_product,https://www.amazon.com/ATHMILE-Quick-Dry-Barefoot-Exercise-Accessories/dp/B09Q3MYDQH,88,200,7952.0,True
2026-07-01T10:04:01.098255,zyte,amazon_product,https://www.amazon.com/ATHMILE-Quick-Dry-Barefoot-Exercise-Accessories/dp/B09Q3MYDQH,89,200,10406.4,True
2026-07-01T10:04:57.491630,zyte,amazon_product,https://www.amazon.com/ATHMILE-Quick-Dry-Barefoot-Exercise-Accessories/dp/B09Q3MYDQH,90,200,56065.9,True
2026-07-01T10:05:02.007223,zyte,amazon_product,https://www.amazon.com/ATHMILE-Quick-Dry-Barefoot-Exercise-Accessories/dp/B09Q3MYDQH,91,200,4405.6,True
2026-07-01T10:05:09.516616,zyte,amazon_product,https://www.amazon.com/ATHMILE-Quick-Dry-Barefoot-Exercise-Accessories/dp/B09Q3MYDQH,92,200,7213.3,True
2026-07-01T10:05:23.515994,zyte,amazon_product,https://www.amazon.com/ATHMILE-Quick-Dry-Barefoot-Exercise-Accessories/dp/B09Q3MYDQH,93,200,13705.7,True
2026-07-01T10:05:29.931607,zyte,amazon_product,https://www.amazon.com/ATHMILE-Quick-Dry-Barefoot-Exercise-Accessories/dp/B09Q3MYDQH,94,200,6144.3,True
2026-07-01T10:05:35.523616,zyte,amazon_product,https://www.amazon.com/ATHMILE-Quick-Dry-Barefoot-Exercise-Accessories/dp/B09Q3MYDQH,95,200,5292.2,True
2026-07-01T10:06:12.795159,zyte,amazon_product,https://www.amazon.com/ATHMILE-Quick-Dry-Barefoot-Exercise-Accessories/dp/B09Q3MYDQH,96,200,36969.6,True
2026-07-01T10:06:19.794968,zyte,amazon_product,https://www.amazon.com/ATHMILE-Quick-Dry-Barefoot-Exercise-Accessories/dp/B09Q3MYDQH,97,200,6703.8,True
2026-07-01T10:06:27.236870,zyte,amazon_product,https://www.amazon.com/ATHMILE-Quick-Dry-Barefoot-Exercise-Accessories/dp/B09Q3MYDQH,98,200,7148.6,True
2026-07-01T10:06:30.934386,zyte,amazon_product,https://www.amazon.com/ATHMILE-Quick-Dry-Barefoot-Exercise-Accessories/dp/B09Q3MYDQH,99,200,3535.6,True
2026-07-01T10:06:37.013250,zyte,amazon_product,https://www.amazon.com/ATHMILE-Quick-Dry-Barefoot-Exercise-Accessories/dp/B09Q3MYDQH,100,200,5785.1,True
2026-07-01T10:06:48.836697,zenrows,glassdoor_company,"https://www.glassdoor.com/Overview/Working-at-Google-EI_IE9079.11,17.htm",1,200,11744.7,True
2026-07-01T10:06:58.034641,zenrows,glassdoor_company,"https://www.glassdoor.com/Overview/Working-at-Google-EI_IE9079.11,17.htm",2,200,9121.6,True
2026-07-01T10:07:07.313785,zenrows,glassdoor_company,"https://www.glassdoor.com/Overview/Working-at-Google-EI_IE9079.11,17.htm",3,200,9232.9,True
2026-07-01T10:07:16.391707,zenrows,glassdoor_company,"https://www.glassdoor.com/Overview/Working-at-Google-EI_IE9079.11,17.htm",4,200,8996.9,True
2026-07-01T10:07:41.193586,zenrows,glassdoor_company,"https://www.glassdoor.com/Overview/Working-at-Google-EI_IE9079.11,17.htm",5,200,24728.7,True
2026-07-01T10:08:00.892589,zenrows,glassdoor_company,"https://www.glassdoor.com/Overview/Working-at-Google-EI_IE9079.11,17.htm",6,200,19622.4,True
2026-07-01T10:08:17.552947,zenrows,glassdoor_company,"https://www.glassdoor.com/Overview/Working-at-Google-EI_IE9079.11,17.htm",7,200,16596.4,True
2026-07-01T10:09:02.955729,zenrows,glassdoor_company,"https://www.glassdoor.com/Overview/Working-at-Google-EI_IE9079.11,17.htm",8,200,45370.9,True
2026-07-01T10:09:16.813637,zenrows,glassdoor_company,"https://www.glassdoor.com/Overview/Working-at-Google-EI_IE9079.11,17.htm",9,200,13786.7,True
2026-07-01T10:09:33.100407,zenrows,glassdoor_company,"https://www.glassdoor.com/Overview/Working-at-Google-EI_IE9079.11,17.htm",10,200,16172.0,True
2026-07-01T10:09:47.147599,zenrows,glassdoor_company,"https://www.glassdoor.com/Overview/Working-at-Google-EI_IE9079.11,17.htm",11,200,13954.1,True
2026-07-01T10:10:32.950616,zenrows,glassdoor_company,"https://www.glassdoor.com/Overview/Working-at-Google-EI_IE9079.11,17.htm",12,200,45705.5,True
2026-07-01T10:10:54.712536,zenrows,glassdoor_company,"https://www.glassdoor.com/Overview/Working-at-Google-EI_IE9079.11,17.htm",13,200,21713.2,True
2026-07-01T10:11:12.111906,zenrows,glassdoor_company,"https://www.glassdoor.com/Overview/Working-at-Google-EI_IE9079.11,17.htm",14,200,17321.4,True
2026-07-01T10:11:22.564448,zenrows,glassdoor_company,"https://www.glassdoor.com/Overview/Working-at-Google-EI_IE9079.11,17.htm",15,200,10383.0,True
2026-07-01T10:11:33.651434,zenrows,glassdoor_company,"https://www.glassdoor.com/Overview/Working-at-Google-EI_IE9079.11,17.htm",16,200,10978.6,True
2026-07-01T10:11:55.424786,zenrows,glassdoor_company,"https://www.glassdoor.com/Overview/Working-at-Google-EI_IE9079.11,17.htm",17,200,21706.2,True
2026-07-01T10:12:07.215586,zenrows,glassdoor_company,"https://www.glassdoor.com/Overview/Working-at-Google-EI_IE9079.11,17.htm",18,200,11675.4,True
2026-07-01T10:12:17.125934,zenrows,glassdoor_company,"https://www.glassdoor.com/Overview/Working-at-Google-EI_IE9079.11,17.htm",19,200,9837.0,True
2026-07-01T10:12:26.387247,zenrows,glassdoor_company,"https://www.glassdoor.com/Overview/Working-at-Google-EI_IE9079.11,17.htm",20,200,9186.3,True
2026-07-01T10:13:14.445340,zenrows,glassdoor_company,"https://www.glassdoor.com/Overview/Working-at-Google-EI_IE9079.11,17.htm",21,200,47979.5,True
2026-07-01T10:13:22.328099,zenrows,glassdoor_company,"https://www.glassdoor.com/Overview/Working-at-Google-EI_IE9079.11,17.htm",22,200,7823.3,True
2026-07-01T10:13:34.710316,zenrows,glassdoor_company,"https://www.glassdoor.com/Overview/Working-at-Google-EI_IE9079.11,17.htm",23,200,12294.3,True
2026-07-01T10:13:52.905447,zenrows,glassdoor_company,"https://www.glassdoor.com/Overview/Working-at-Google-EI_IE9079.11,17.htm",24,200,18108.8,True
2026-07-01T10:14:54.565826,zenrows,glassdoor_company,"https://www.glassdoor.com/Overview/Working-at-Google-EI_IE9079.11,17.htm",25,0,61660.0,False
2026-07-01T10:15:32.784393,zenrows,glassdoor_company,"https://www.glassdoor.com/Overview/Working-at-Google-EI_IE9079.11,17.htm",26,200,38127.5,True
2026-07-01T10:15:47.638481,zenrows,glassdoor_company,"https://www.glassdoor.com/Overview/Working-at-Google-EI_IE9079.11,17.htm",27,200,14743.6,True
2026-07-01T10:16:01.477404,zenrows,glassdoor_company,"https://www.glassdoor.com/Overview/Working-at-Google-EI_IE9079.11,17.htm",28,200,13782.2,True
2026-07-01T10:16:14.481985,zenrows,glassdoor_company,"https://www.glassdoor.com/Overview/Working-at-Google-EI_IE9079.11,17.htm",29,200,12930.8,True
2026-07-01T10:16:38.573989,zenrows,glassdoor_company,"https://www.glassdoor.com/Overview/Working-at-Google-EI_IE9079.11,17.htm",30,200,24006.9,True
2026-07-01T10:16:56.493256,zenrows,glassdoor_company,"https://www.glassdoor.com/Overview/Working-at-Google-EI_IE9079.11,17.htm",31,200,17846.5,True
2026-07-01T10:17:05.949498,zenrows,glassdoor_company,"https://www.glassdoor.com/Overview/Working-at-Google-EI_IE9079.11,17.htm",32,200,9377.1,True
2026-07-01T10:17:10.426694,zenrows,glassdoor_company,"https://www.glassdoor.com/Overview/Working-at-Google-EI_IE9079.11,17.htm",33,200,4392.7,True
2026-07-01T10:17:20.169798,zenrows,glassdoor_company,"https://www.glassdoor.com/Overview/Working-at-Google-EI_IE9079.11,17.htm",34,200,9657.3,True
2026-07-01T10:17:34.150280,zenrows,glassdoor_company,"https://www.glassdoor.com/Overview/Working-at-Google-EI_IE9079.11,17.htm",35,200,13869.9,True
2026-07-01T10:17:42.712262,zenrows,glassdoor_company,"https://www.glassdoor.com/Overview/Working-at-Google-EI_IE9079.11,17.htm",36,200,8496.5,True
2026-07-01T10:18:18.356933,zenrows,glassdoor_company,"https://www.glassdoor.com/Overview/Working-at-Google-EI_IE9079.11,17.htm",37,200,35569.4,True
2026-07-01T10:18:29.811113,zenrows,glassdoor_company,"https://www.glassdoor.com/Overview/Working-at-Google-EI_IE9079.11,17.htm",38,200,11369.6,True
2026-07-01T10:18:38.772398,zenrows,glassdoor_company,"https://www.glassdoor.com/Overview/Working-at-Google-EI_IE9079.11,17.htm",39,200,8881.5,True
2026-07-01T10:19:10.639102,zenrows,glassdoor_company,"https://www.glassdoor.com/Overview/Working-at-Google-EI_IE9079.11,17.htm",40,200,31781.8,True
2026-07-01T10:19:30.162972,zenrows,glassdoor_company,"https://www.glassdoor.com/Overview/Working-at-Google-EI_IE9079.11,17.htm",41,200,19445.5,True
2026-07-01T10:19:37.739751,zenrows,glassdoor_company,"https://www.glassdoor.com/Overview/Working-at-Google-EI_IE9079.11,17.htm",42,200,7507.8,True
2026-07-01T10:19:43.035273,zenrows,glassdoor_company,"https://www.glassdoor.com/Overview/Working-at-Google-EI_IE9079.11,17.htm",43,200,5195.9,True
2026-07-01T10:19:55.702881,zenrows,glassdoor_company,"https://www.glassdoor.com/Overview/Working-at-Google-EI_IE9079.11,17.htm",44,200,12588.5,True
2026-07-01T10:20:04.309029,zenrows,glassdoor_company,"https://www.glassdoor.com/Overview/Working-at-Google-EI_IE9079.11,17.htm",45,200,8517.9,True
2026-07-01T10:20:15.777379,zenrows,glassdoor_company,"https://www.glassdoor.com/Overview/Working-at-Google-EI_IE9079.11,17.htm",46,200,11402.1,True
2026-07-01T10:20:26.981372,zenrows,glassdoor_company,"https://www.glassdoor.com/Overview/Working-at-Google-EI_IE9079.11,17.htm",47,200,11124.5,True
2026-07-01T10:20:35.543863,zenrows,glassdoor_company,"https://www.glassdoor.com/Overview/Working-at-Google-EI_IE9079.11,17.htm",48,200,8478.4,True
2026-07-01T10:20:48.280597,zenrows,glassdoor_company,"https://www.glassdoor.com/Overview/Working-at-Google-EI_IE9079.11,17.htm",49,200,12655.9,True
2026-07-01T10:21:02.623300,zenrows,glassdoor_company,"https://www.glassdoor.com/Overview/Working-at-Google-EI_IE9079.11,17.htm",50,200,14280.9,True
2026-07-01T10:21:16.656465,zenrows,glassdoor_company,"https://www.glassdoor.com/Overview/Working-at-Google-EI_IE9079.11,17.htm",51,200,13947.6,True
2026-07-01T10:21:22.903831,zenrows,glassdoor_company,"https://www.glassdoor.com/Overview/Working-at-Google-EI_IE9079.11,17.htm",52,200,6164.6,True
2026-07-01T10:21:39.651599,zenrows,glassdoor_company,"https://www.glassdoor.com/Overview/Working-at-Google-EI_IE9079.11,17.htm",53,200,16671.1,True
2026-07-01T10:21:49.292895,zenrows,glassdoor_company,"https://www.glassdoor.com/Overview/Working-at-Google-EI_IE9079.11,17.htm",54,200,9578.1,True
2026-07-01T10:22:30.417479,zenrows,glassdoor_company,"https://www.glassdoor.com/Overview/Working-at-Google-EI_IE9079.11,17.htm",55,200,41038.5,True
2026-07-01T10:22:46.914325,zenrows,glassdoor_company,"https://www.glassdoor.com/Overview/Working-at-Google-EI_IE9079.11,17.htm",56,200,16437.0,True
2026-07-01T10:23:02.405450,zenrows,glassdoor_company,"https://www.glassdoor.com/Overview/Working-at-Google-EI_IE9079.11,17.htm",57,200,15412.0,True
2026-07-01T10:23:12.483575,zenrows,glassdoor_company,"https://www.glassdoor.com/Overview/Working-at-Google-EI_IE9079.11,17.htm",58,200,10001.4,True
2026-07-01T10:23:23.307048,zenrows,glassdoor_company,"https://www.glassdoor.com/Overview/Working-at-Google-EI_IE9079.11,17.htm",59,200,10749.3,True
2026-07-01T10:23:30.713307,zenrows,glassdoor_company,"https://www.glassdoor.com/Overview/Working-at-Google-EI_IE9079.11,17.htm",60,200,7286.9,True
2026-07-01T10:23:51.491955,zenrows,glassdoor_company,"https://www.glassdoor.com/Overview/Working-at-Google-EI_IE9079.11,17.htm",61,200,20705.3,True
2026-07-01T10:24:01.733024,zenrows,glassdoor_company,"https://www.glassdoor.com/Overview/Working-at-Google-EI_IE9079.11,17.htm",62,200,10186.4,True
2026-07-01T10:24:54.867573,zenrows,glassdoor_company,"https://www.glassdoor.com/Overview/Working-at-Google-EI_IE9079.11,17.htm",63,200,53060.0,True
2026-07-01T10:25:05.270276,zenrows,glassdoor_company,"https://www.glassdoor.com/Overview/Working-at-Google-EI_IE9079.11,17.htm",64,200,10329.9,True
2026-07-01T10:25:13.069364,zenrows,glassdoor_company,"https://www.glassdoor.com/Overview/Working-at-Google-EI_IE9079.11,17.htm",65,200,7726.3,True
2026-07-01T10:25:26.774708,zenrows,glassdoor_company,"https://www.glassdoor.com/Overview/Working-at-Google-EI_IE9079.11,17.htm",66,200,13589.7,True
2026-07-01T10:29:40.616427,zenrows,glassdoor_company,"https://www.glassdoor.com/Overview/Working-at-Google-EI_IE9079.11,17.htm",67,200,253767.6,True
2026-07-01T10:29:52.796156,zenrows,glassdoor_company,"https://www.glassdoor.com/Overview/Working-at-Google-EI_IE9079.11,17.htm",68,200,12059.0,True
2026-07-01T10:30:07.605680,zenrows,glassdoor_company,"https://www.glassdoor.com/Overview/Working-at-Google-EI_IE9079.11,17.htm",69,200,14735.2,True
2026-07-01T10:30:33.607838,zenrows,glassdoor_company,"https://www.glassdoor.com/Overview/Working-at-Google-EI_IE9079.11,17.htm",70,200,25917.4,True
2026-07-01T10:30:58.708961,zenrows,glassdoor_company,"https://www.glassdoor.com/Overview/Working-at-Google-EI_IE9079.11,17.htm",71,200,25030.9,True
2026-07-01T10:31:20.952725,zenrows,glassdoor_company,"https://www.glassdoor.com/Overview/Working-at-Google-EI_IE9079.11,17.htm",72,200,22170.7,True
2026-07-01T10:31:34.576492,zenrows,glassdoor_company,"https://www.glassdoor.com/Overview/Working-at-Google-EI_IE9079.11,17.htm",73,200,13544.1,True
2026-07-01T10:31:50.660400,zenrows,glassdoor_company,"https://www.glassdoor.com/Overview/Working-at-Google-EI_IE9079.11,17.htm",74,200,16015.1,True
2026-07-01T10:32:12.723238,zenrows,glassdoor_company,"https://www.glassdoor.com/Overview/Working-at-Google-EI_IE9079.11,17.htm",75,200,21970.3,True
2026-07-01T10:32:33.292365,zenrows,glassdoor_company,"https://www.glassdoor.com/Overview/Working-at-Google-EI_IE9079.11,17.htm",76,200,20490.4,True
2026-07-01T10:32:45.623861,zenrows,glassdoor_company,"https://www.glassdoor.com/Overview/Working-at-Google-EI_IE9079.11,17.htm",77,200,12206.9,True
2026-07-01T10:33:02.313751,zenrows,glassdoor_company,"https://www.glassdoor.com/Overview/Working-at-Google-EI_IE9079.11,17.htm",78,200,16613.9,True
2026-07-01T10:33:44.336414,zenrows,glassdoor_company,"https://www.glassdoor.com/Overview/Working-at-Google-EI_IE9079.11,17.htm",79,200,41953.2,True
2026-07-01T10:33:58.921689,zenrows,glassdoor_company,"https://www.glassdoor.com/Overview/Working-at-Google-EI_IE9079.11,17.htm",80,200,14517.1,True
2026-07-01T10:34:13.588493,zenrows,glassdoor_company,"https://www.glassdoor.com/Overview/Working-at-Google-EI_IE9079.11,17.htm",81,200,14610.7,True
2026-07-01T10:34:24.638102,zenrows,glassdoor_company,"https://www.glassdoor.com/Overview/Working-at-Google-EI_IE9079.11,17.htm",82,200,10972.9,True
2026-07-01T10:35:08.255794,zenrows,glassdoor_company,"https://www.glassdoor.com/Overview/Working-at-Google-EI_IE9079.11,17.htm",83,200,43545.2,True
2026-07-01T10:35:20.034290,zenrows,glassdoor_company,"https://www.glassdoor.com/Overview/Working-at-Google-EI_IE9079.11,17.htm",84,200,11708.0,True
2026-07-01T10:35:30.601174,zenrows,glassdoor_company,"https://www.glassdoor.com/Overview/Working-at-Google-EI_IE9079.11,17.htm",85,200,10495.2,True
2026-07-01T10:35:49.870592,zenrows,glassdoor_company,"https://www.glassdoor.com/Overview/Working-at-Google-EI_IE9079.11,17.htm",86,200,19162.4,True
2026-07-01T10:36:40.540728,zenrows,glassdoor_company,"https://www.glassdoor.com/Overview/Working-at-Google-EI_IE9079.11,17.htm",87,200,50561.2,True
2026-07-01T10:37:25.349047,zenrows,glassdoor_company,"https://www.glassdoor.com/Overview/Working-at-Google-EI_IE9079.11,17.htm",88,200,44719.5,True
2026-07-01T10:37:33.488371,zenrows,glassdoor_company,"https://www.glassdoor.com/Overview/Working-at-Google-EI_IE9079.11,17.htm",89,200,8059.6,True
2026-07-01T10:38:28.363975,zenrows,glassdoor_company,"https://www.glassdoor.com/Overview/Working-at-Google-EI_IE9079.11,17.htm",90,200,54792.5,True
2026-07-01T10:38:39.247954,zenrows,glassdoor_company,"https://www.glassdoor.com/Overview/Working-at-Google-EI_IE9079.11,17.htm",91,200,10795.9,True
2026-07-01T10:38:49.098508,zenrows,glassdoor_company,"https://www.glassdoor.com/Overview/Working-at-Google-EI_IE9079.11,17.htm",92,200,9771.2,True
2026-07-01T10:38:57.781798,zenrows,glassdoor_company,"https://www.glassdoor.com/Overview/Working-at-Google-EI_IE9079.11,17.htm",93,200,8593.5,True
2026-07-01T10:39:13.704480,zenrows,glassdoor_company,"https://www.glassdoor.com/Overview/Working-at-Google-EI_IE9079.11,17.htm",94,200,15824.1,True
2026-07-01T10:39:26.036663,zenrows,glassdoor_company,"https://www.glassdoor.com/Overview/Working-at-Google-EI_IE9079.11,17.htm",95,200,12244.9,True
2026-07-01T10:39:35.477317,zenrows,glassdoor_company,"https://www.glassdoor.com/Overview/Working-at-Google-EI_IE9079.11,17.htm",96,200,9367.4,True
2026-07-01T10:39:52.098254,zenrows,glassdoor_company,"https://www.glassdoor.com/Overview/Working-at-Google-EI_IE9079.11,17.htm",97,200,16550.9,True
2026-07-01T10:40:04.458406,zenrows,glassdoor_company,"https://www.glassdoor.com/Overview/Working-at-Google-EI_IE9079.11,17.htm",98,200,12294.4,True
2026-07-01T10:40:23.169395,zenrows,glassdoor_company,"https://www.glassdoor.com/Overview/Working-at-Google-EI_IE9079.11,17.htm",99,200,18648.8,True
2026-07-01T10:40:42.317310,zenrows,glassdoor_company,"https://www.glassdoor.com/Overview/Working-at-Google-EI_IE9079.11,17.htm",100,200,19060.4,True
2026-07-01T10:40:58.377394,zyte,glassdoor_company,"https://www.glassdoor.com/Overview/Working-at-Google-EI_IE9079.11,17.htm",1,200,15969.2,True
2026-07-01T10:41:23.300283,zyte,glassdoor_company,"https://www.glassdoor.com/Overview/Working-at-Google-EI_IE9079.11,17.htm",2,200,24807.7,True
2026-07-01T10:42:05.895381,zyte,glassdoor_company,"https://www.glassdoor.com/Overview/Working-at-Google-EI_IE9079.11,17.htm",3,200,42501.3,True
2026-07-01T10:43:08.842953,zyte,glassdoor_company,"https://www.glassdoor.com/Overview/Working-at-Google-EI_IE9079.11,17.htm",4,0,62946.8,False
2026-07-01T10:43:18.923975,zyte,glassdoor_company,"https://www.glassdoor.com/Overview/Working-at-Google-EI_IE9079.11,17.htm",5,520,10078.8,False
2026-07-01T10:43:34.356726,zyte,glassdoor_company,"https://www.glassdoor.com/Overview/Working-at-Google-EI_IE9079.11,17.htm",6,200,15360.0,True
2026-07-01T10:43:50.959520,zyte,glassdoor_company,"https://www.glassdoor.com/Overview/Working-at-Google-EI_IE9079.11,17.htm",7,200,16531.2,True
2026-07-01T10:44:08.363657,zyte,glassdoor_company,"https://www.glassdoor.com/Overview/Working-at-Google-EI_IE9079.11,17.htm",8,200,17330.0,True
2026-07-01T10:44:17.487592,zyte,glassdoor_company,"https://www.glassdoor.com/Overview/Working-at-Google-EI_IE9079.11,17.htm",9,520,9122.5,False
2026-07-01T10:44:31.458295,zyte,glassdoor_company,"https://www.glassdoor.com/Overview/Working-at-Google-EI_IE9079.11,17.htm",10,200,13906.8,True
2026-07-01T10:44:50.535724,zyte,glassdoor_company,"https://www.glassdoor.com/Overview/Working-at-Google-EI_IE9079.11,17.htm",11,200,19007.9,True
2026-07-01T10:45:06.351969,zyte,glassdoor_company,"https://www.glassdoor.com/Overview/Working-at-Google-EI_IE9079.11,17.htm",12,200,15700.1,True
2026-07-01T10:45:44.918300,zyte,glassdoor_company,"https://www.glassdoor.com/Overview/Working-at-Google-EI_IE9079.11,17.htm",13,520,38564.5,False
2026-07-01T10:46:00.048270,zyte,glassdoor_company,"https://www.glassdoor.com/Overview/Working-at-Google-EI_IE9079.11,17.htm",14,200,15035.5,True
2026-07-01T10:46:11.049389,zyte,glassdoor_company,"https://www.glassdoor.com/Overview/Working-at-Google-EI_IE9079.11,17.htm",15,520,10997.5,False
2026-07-01T10:46:29.533255,zyte,glassdoor_company,"https://www.glassdoor.com/Overview/Working-at-Google-EI_IE9079.11,17.htm",16,200,18411.2,True
2026-07-01T10:46:43.901297,zyte,glassdoor_company,"https://www.glassdoor.com/Overview/Working-at-Google-EI_IE9079.11,17.htm",17,200,14279.2,True
2026-07-01T10:46:55.868904,zyte,glassdoor_company,"https://www.glassdoor.com/Overview/Working-at-Google-EI_IE9079.11,17.htm",18,200,11887.4,True
2026-07-01T10:47:13.466784,zyte,glassdoor_company,"https://www.glassdoor.com/Overview/Working-at-Google-EI_IE9079.11,17.htm",19,200,17499.8,True
2026-07-01T10:47:50.653272,zyte,glassdoor_company,"https://www.glassdoor.com/Overview/Working-at-Google-EI_IE9079.11,17.htm",20,200,37097.1,True
2026-07-01T10:48:13.068772,zyte,glassdoor_company,"https://www.glassdoor.com/Overview/Working-at-Google-EI_IE9079.11,17.htm",21,200,22291.2,True
2026-07-01T10:48:29.443055,zyte,glassdoor_company,"https://www.glassdoor.com/Overview/Working-at-Google-EI_IE9079.11,17.htm",22,200,16293.3,True
2026-07-01T10:48:45.577551,zyte,glassdoor_company,"https://www.glassdoor.com/Overview/Working-at-Google-EI_IE9079.11,17.htm",23,200,16052.4,True
2026-07-01T10:48:55.315084,zyte,glassdoor_company,"https://www.glassdoor.com/Overview/Working-at-Google-EI_IE9079.11,17.htm",24,520,9734.3,False
2026-07-01T10:49:32.826447,zyte,glassdoor_company,"https://www.glassdoor.com/Overview/Working-at-Google-EI_IE9079.11,17.htm",25,200,37450.3,True
2026-07-01T10:49:48.217775,zyte,glassdoor_company,"https://www.glassdoor.com/Overview/Working-at-Google-EI_IE9079.11,17.htm",26,200,15312.3,True
2026-07-01T10:50:39.979322,zyte,glassdoor_company,"https://www.glassdoor.com/Overview/Working-at-Google-EI_IE9079.11,17.htm",27,520,51738.2,False
2026-07-01T10:50:57.137516,zyte,glassdoor_company,"https://www.glassdoor.com/Overview/Working-at-Google-EI_IE9079.11,17.htm",28,200,17081.9,True
2026-07-01T10:51:06.848432,zyte,glassdoor_company,"https://www.glassdoor.com/Overview/Working-at-Google-EI_IE9079.11,17.htm",29,520,9709.3,False
2026-07-01T10:51:16.017774,zyte,glassdoor_company,"https://www.glassdoor.com/Overview/Working-at-Google-EI_IE9079.11,17.htm",30,520,9167.4,False
2026-07-01T10:51:25.359333,zyte,glassdoor_company,"https://www.glassdoor.com/Overview/Working-at-Google-EI_IE9079.11,17.htm",31,520,9338.5,False
2026-07-01T10:51:34.691894,zyte,glassdoor_company,"https://www.glassdoor.com/Overview/Working-at-Google-EI_IE9079.11,17.htm",32,520,9328.7,False
2026-07-01T10:51:49.224720,zyte,glassdoor_company,"https://www.glassdoor.com/Overview/Working-at-Google-EI_IE9079.11,17.htm",33,200,14403.1,True
2026-07-01T10:52:03.499261,zyte,glassdoor_company,"https://www.glassdoor.com/Overview/Working-at-Google-EI_IE9079.11,17.htm",34,200,14175.0,True
2026-07-01T10:52:07.998669,zyte,glassdoor_company,"https://www.glassdoor.com/Overview/Working-at-Google-EI_IE9079.11,17.htm",35,200,4427.7,True
2026-07-01T10:52:27.592161,zyte,glassdoor_company,"https://www.glassdoor.com/Overview/Working-at-Google-EI_IE9079.11,17.htm",36,200,19522.5,True
2026-07-01T10:52:41.349244,zyte,glassdoor_company,"https://www.glassdoor.com/Overview/Working-at-Google-EI_IE9079.11,17.htm",37,200,13705.8,True
2026-07-01T10:52:57.853651,zyte,glassdoor_company,"https://www.glassdoor.com/Overview/Working-at-Google-EI_IE9079.11,17.htm",38,200,16421.0,True
2026-07-01T10:53:12.319469,zyte,glassdoor_company,"https://www.glassdoor.com/Overview/Working-at-Google-EI_IE9079.11,17.htm",39,200,14365.1,True
2026-07-01T10:53:18.024463,zyte,glassdoor_company,"https://www.glassdoor.com/Overview/Working-at-Google-EI_IE9079.11,17.htm",40,200,5581.4,True
2026-07-01T10:53:53.564455,zyte,glassdoor_company,"https://www.glassdoor.com/Overview/Working-at-Google-EI_IE9079.11,17.htm",41,520,35537.4,False
2026-07-01T10:54:03.257544,zyte,glassdoor_company,"https://www.glassdoor.com/Overview/Working-at-Google-EI_IE9079.11,17.htm",42,520,9691.1,False
2026-07-01T10:54:18.329812,zyte,glassdoor_company,"https://www.glassdoor.com/Overview/Working-at-Google-EI_IE9079.11,17.htm",43,200,14999.1,True
2026-07-01T10:54:36.802430,zyte,glassdoor_company,"https://www.glassdoor.com/Overview/Working-at-Google-EI_IE9079.11,17.htm",44,520,18470.6,False
2026-07-01T10:54:54.538687,zyte,glassdoor_company,"https://www.glassdoor.com/Overview/Working-at-Google-EI_IE9079.11,17.htm",45,200,17694.0,True
2026-07-01T10:55:06.434475,zyte,glassdoor_company,"https://www.glassdoor.com/Overview/Working-at-Google-EI_IE9079.11,17.htm",46,520,11894.4,False
2026-07-01T10:55:15.616526,zyte,glassdoor_company,"https://www.glassdoor.com/Overview/Working-at-Google-EI_IE9079.11,17.htm",47,520,9179.7,False
2026-07-01T10:55:53.884068,zyte,glassdoor_company,"https://www.glassdoor.com/Overview/Working-at-Google-EI_IE9079.11,17.htm",48,200,38193.7,True
2026-07-01T10:56:12.365189,zyte,glassdoor_company,"https://www.glassdoor.com/Overview/Working-at-Google-EI_IE9079.11,17.htm",49,200,18412.0,True
2026-07-01T10:56:21.107496,zyte,glassdoor_company,"https://www.glassdoor.com/Overview/Working-at-Google-EI_IE9079.11,17.htm",50,520,8740.5,False
2026-07-01T10:56:30.541261,zyte,glassdoor_company,"https://www.glassdoor.com/Overview/Working-at-Google-EI_IE9079.11,17.htm",51,520,9430.8,False
2026-07-01T10:56:35.216418,zyte,glassdoor_company,"https://www.glassdoor.com/Overview/Working-at-Google-EI_IE9079.11,17.htm",52,200,4605.4,True
2026-07-01T10:57:12.818376,zyte,glassdoor_company,"https://www.glassdoor.com/Overview/Working-at-Google-EI_IE9079.11,17.htm",53,200,37530.4,True
2026-07-01T10:57:24.192071,zyte,glassdoor_company,"https://www.glassdoor.com/Overview/Working-at-Google-EI_IE9079.11,17.htm",54,520,11370.7,False
2026-07-01T10:58:00.998712,zyte,glassdoor_company,"https://www.glassdoor.com/Overview/Working-at-Google-EI_IE9079.11,17.htm",55,200,36734.4,True
2026-07-01T10:58:10.665816,zyte,glassdoor_company,"https://www.glassdoor.com/Overview/Working-at-Google-EI_IE9079.11,17.htm",56,520,9664.1,False
2026-07-01T10:58:20.003184,zyte,glassdoor_company,"https://www.glassdoor.com/Overview/Working-at-Google-EI_IE9079.11,17.htm",57,520,9329.9,False
2026-07-01T11:01:19.855757,zyte,glassdoor_company,"https://www.glassdoor.com/Overview/Working-at-Google-EI_IE9079.11,17.htm",58,0,3695.7,False
2026-07-01T11:01:29.988559,zyte,glassdoor_company,"https://www.glassdoor.com/Overview/Working-at-Google-EI_IE9079.11,17.htm",59,520,10124.2,False
2026-07-01T11:01:50.519427,zyte,glassdoor_company,"https://www.glassdoor.com/Overview/Working-at-Google-EI_IE9079.11,17.htm",60,200,20404.4,True
2026-07-01T11:02:14.583955,zyte,glassdoor_company,"https://www.glassdoor.com/Overview/Working-at-Google-EI_IE9079.11,17.htm",61,200,23979.8,True
2026-07-01T11:02:31.058553,zyte,glassdoor_company,"https://www.glassdoor.com/Overview/Working-at-Google-EI_IE9079.11,17.htm",62,200,16401.8,True
2026-07-01T11:02:42.416216,zyte,glassdoor_company,"https://www.glassdoor.com/Overview/Working-at-Google-EI_IE9079.11,17.htm",63,520,11354.2,False
2026-07-01T11:03:13.727547,zyte,glassdoor_company,"https://www.glassdoor.com/Overview/Working-at-Google-EI_IE9079.11,17.htm",64,200,31227.8,True
2026-07-01T11:03:49.669988,zyte,glassdoor_company,"https://www.glassdoor.com/Overview/Working-at-Google-EI_IE9079.11,17.htm",65,200,35863.2,True
2026-07-01T11:04:26.651990,zyte,glassdoor_company,"https://www.glassdoor.com/Overview/Working-at-Google-EI_IE9079.11,17.htm",66,520,36978.7,False
2026-07-01T11:04:39.470338,zyte,glassdoor_company,"https://www.glassdoor.com/Overview/Working-at-Google-EI_IE9079.11,17.htm",67,200,12727.5,True
2026-07-01T11:04:49.374114,zyte,glassdoor_company,"https://www.glassdoor.com/Overview/Working-at-Google-EI_IE9079.11,17.htm",68,520,9897.1,False
2026-07-01T11:05:25.565924,zyte,glassdoor_company,"https://www.glassdoor.com/Overview/Working-at-Google-EI_IE9079.11,17.htm",69,200,36081.9,True
2026-07-01T11:05:42.552403,zyte,glassdoor_company,"https://www.glassdoor.com/Overview/Working-at-Google-EI_IE9079.11,17.htm",70,200,16895.8,True
2026-07-01T11:05:52.399521,zyte,glassdoor_company,"https://www.glassdoor.com/Overview/Working-at-Google-EI_IE9079.11,17.htm",71,520,9842.5,False
2026-07-01T11:06:01.599132,zyte,glassdoor_company,"https://www.glassdoor.com/Overview/Working-at-Google-EI_IE9079.11,17.htm",72,520,9197.3,False
2026-07-01T11:06:15.206517,zyte,glassdoor_company,"https://www.glassdoor.com/Overview/Working-at-Google-EI_IE9079.11,17.htm",73,200,13518.8,True
2026-07-01T11:06:26.640097,zyte,glassdoor_company,"https://www.glassdoor.com/Overview/Working-at-Google-EI_IE9079.11,17.htm",74,520,11429.1,False
2026-07-01T11:06:45.586308,zyte,glassdoor_company,"https://www.glassdoor.com/Overview/Working-at-Google-EI_IE9079.11,17.htm",75,200,18859.0,True
2026-07-01T11:06:55.653181,zyte,glassdoor_company,"https://www.glassdoor.com/Overview/Working-at-Google-EI_IE9079.11,17.htm",76,520,10063.2,False
2026-07-01T11:07:09.565550,zyte,glassdoor_company,"https://www.glassdoor.com/Overview/Working-at-Google-EI_IE9079.11,17.htm",77,200,13795.1,True
2026-07-01T11:07:46.203991,zyte,glassdoor_company,"https://www.glassdoor.com/Overview/Working-at-Google-EI_IE9079.11,17.htm",78,200,10597.6,True
2026-07-01T11:08:21.951577,zyte,glassdoor_company,"https://www.glassdoor.com/Overview/Working-at-Google-EI_IE9079.11,17.htm",79,520,35743.7,False
2026-07-01T11:08:31.130535,zyte,glassdoor_company,"https://www.glassdoor.com/Overview/Working-at-Google-EI_IE9079.11,17.htm",80,520,9172.3,False
2026-07-01T11:08:44.495977,zyte,glassdoor_company,"https://www.glassdoor.com/Overview/Working-at-Google-EI_IE9079.11,17.htm",81,200,13273.0,True
2026-07-01T11:08:58.138341,zyte,glassdoor_company,"https://www.glassdoor.com/Overview/Working-at-Google-EI_IE9079.11,17.htm",82,200,13537.5,True
2026-07-01T11:09:07.157036,zyte,glassdoor_company,"https://www.glassdoor.com/Overview/Working-at-Google-EI_IE9079.11,17.htm",83,520,9016.3,False
2026-07-01T11:09:16.321622,zyte,glassdoor_company,"https://www.glassdoor.com/Overview/Working-at-Google-EI_IE9079.11,17.htm",84,520,9157.0,False
2026-07-01T11:09:29.522059,zyte,glassdoor_company,"https://www.glassdoor.com/Overview/Working-at-Google-EI_IE9079.11,17.htm",85,200,13126.6,True
2026-07-01T11:10:06.404246,zyte,glassdoor_company,"https://www.glassdoor.com/Overview/Working-at-Google-EI_IE9079.11,17.htm",86,520,36880.3,False
2026-07-01T11:10:22.503106,zyte,glassdoor_company,"https://www.glassdoor.com/Overview/Working-at-Google-EI_IE9079.11,17.htm",87,200,16007.6,True
2026-07-01T11:10:27.458645,zyte,glassdoor_company,"https://www.glassdoor.com/Overview/Working-at-Google-EI_IE9079.11,17.htm",88,200,4885.2,True
2026-07-01T11:10:37.895043,zyte,glassdoor_company,"https://www.glassdoor.com/Overview/Working-at-Google-EI_IE9079.11,17.htm",89,520,10432.1,False
2026-07-01T11:10:48.115703,zyte,glassdoor_company,"https://www.glassdoor.com/Overview/Working-at-Google-EI_IE9079.11,17.htm",90,520,10217.7,False
2026-07-01T11:11:00.382694,zyte,glassdoor_company,"https://www.glassdoor.com/Overview/Working-at-Google-EI_IE9079.11,17.htm",91,520,12263.5,False
2026-07-01T11:11:11.189377,zyte,glassdoor_company,"https://www.glassdoor.com/Overview/Working-at-Google-EI_IE9079.11,17.htm",92,520,10805.3,False
2026-07-01T11:11:14.381963,zyte,glassdoor_company,"https://www.glassdoor.com/Overview/Working-at-Google-EI_IE9079.11,17.htm",93,200,3124.2,True
2026-07-01T11:11:30.612569,zyte,glassdoor_company,"https://www.glassdoor.com/Overview/Working-at-Google-EI_IE9079.11,17.htm",94,200,16150.1,True
2026-07-01T11:11:45.805996,zyte,glassdoor_company,"https://www.glassdoor.com/Overview/Working-at-Google-EI_IE9079.11,17.htm",95,200,15122.3,True
2026-07-01T11:11:50.108330,zyte,glassdoor_company,"https://www.glassdoor.com/Overview/Working-at-Google-EI_IE9079.11,17.htm",96,200,4183.5,True
2026-07-01T11:11:56.241296,zyte,glassdoor_company,"https://www.glassdoor.com/Overview/Working-at-Google-EI_IE9079.11,17.htm",97,200,6038.1,True
2026-07-01T11:12:06.430484,zyte,glassdoor_company,"https://www.glassdoor.com/Overview/Working-at-Google-EI_IE9079.11,17.htm",98,520,10183.2,False
2026-07-01T11:12:17.736384,zyte,glassdoor_company,"https://www.glassdoor.com/Overview/Working-at-Google-EI_IE9079.11,17.htm",99,520,11299.9,False
2026-07-01T11:12:27.383034,zyte,glassdoor_company,"https://www.glassdoor.com/Overview/Working-at-Google-EI_IE9079.11,17.htm",100,520,9645.1,False
2026-07-01T11:12:29.791956,zenrows,datanyze,https://www.datanyze.com/,1,200,2375.3,True
2026-07-01T11:12:32.255543,zenrows,datanyze,https://www.datanyze.com/,2,200,2413.0,True
2026-07-01T11:12:34.007085,zenrows,datanyze,https://www.datanyze.com/,3,200,1715.0,True
2026-07-01T11:12:36.453023,zenrows,datanyze,https://www.datanyze.com/,4,200,2412.4,True
2026-07-01T11:12:38.785832,zenrows,datanyze,https://www.datanyze.com/,5,200,2293.4,True
2026-07-01T11:12:40.372134,zenrows,datanyze,https://www.datanyze.com/,6,200,1544.9,True
2026-07-01T11:12:42.590028,zenrows,datanyze,https://www.datanyze.com/,7,200,2191.7,True
2026-07-01T11:12:44.579153,zenrows,datanyze,https://www.datanyze.com/,8,200,1963.5,True
2026-07-01T11:12:50.421039,zenrows,datanyze,https://www.datanyze.com/,9,200,5803.5,True
2026-07-01T11:12:52.101700,zenrows,datanyze,https://www.datanyze.com/,10,200,1639.0,True
2026-07-01T11:12:54.720196,zenrows,datanyze,https://www.datanyze.com/,11,200,2590.8,True
2026-07-01T11:12:57.091918,zenrows,datanyze,https://www.datanyze.com/,12,200,2331.1,True
2026-07-01T11:12:59.767835,zenrows,datanyze,https://www.datanyze.com/,13,200,2635.7,True
2026-07-01T11:13:07.052194,zenrows,datanyze,https://www.datanyze.com/,14,200,7261.8,True
2026-07-01T11:13:08.628908,zenrows,datanyze,https://www.datanyze.com/,15,200,1538.9,True
2026-07-01T11:13:10.253716,zenrows,datanyze,https://www.datanyze.com/,16,200,1589.2,True
2026-07-01T11:13:12.030140,zenrows,datanyze,https://www.datanyze.com/,17,200,1748.2,True
2026-07-01T11:13:14.727429,zenrows,datanyze,https://www.datanyze.com/,18,200,2653.4,True
2026-07-01T11:13:16.966752,zenrows,datanyze,https://www.datanyze.com/,19,200,2197.4,True
2026-07-01T11:13:21.892914,zenrows,datanyze,https://www.datanyze.com/,20,200,4883.3,True
2026-07-01T11:13:26.564741,zenrows,datanyze,https://www.datanyze.com/,21,200,4646.9,True
2026-07-01T11:13:30.821199,zenrows,datanyze,https://www.datanyze.com/,22,200,4233.2,True
2026-07-01T11:13:35.159428,zenrows,datanyze,https://www.datanyze.com/,23,200,4278.8,True
2026-07-01T11:13:36.890605,zenrows,datanyze,https://www.datanyze.com/,24,200,1630.4,True
2026-07-01T11:13:39.064669,zenrows,datanyze,https://www.datanyze.com/,25,200,2145.4,True
2026-07-01T11:13:41.505560,zenrows,datanyze,https://www.datanyze.com/,26,200,2411.6,True
2026-07-01T11:14:04.886189,zenrows,datanyze,https://www.datanyze.com/,27,200,23343.2,True
2026-07-01T11:14:06.690565,zenrows,datanyze,https://www.datanyze.com/,28,200,1760.8,True
2026-07-01T11:14:11.712727,zenrows,datanyze,https://www.datanyze.com/,29,200,4992.3,True
2026-07-01T11:14:18.495829,zenrows,datanyze,https://www.datanyze.com/,30,200,6740.2,True
2026-07-01T11:14:21.271729,zenrows,datanyze,https://www.datanyze.com/,31,200,2735.9,True
2026-07-01T11:14:23.108109,zenrows,datanyze,https://www.datanyze.com/,32,200,1799.5,True
2026-07-01T11:14:25.933548,zenrows,datanyze,https://www.datanyze.com/,33,200,2778.5,True
2026-07-01T11:14:28.939663,zenrows,datanyze,https://www.datanyze.com/,34,200,2968.4,True
2026-07-01T11:14:38.781506,zenrows,datanyze,https://www.datanyze.com/,35,200,9803.1,True
2026-07-01T11:14:50.246850,zenrows,datanyze,https://www.datanyze.com/,36,200,11426.0,True
2026-07-01T11:14:54.994239,zenrows,datanyze,https://www.datanyze.com/,37,200,4712.0,True
2026-07-01T11:14:57.626809,zenrows,datanyze,https://www.datanyze.com/,38,200,2596.5,True
2026-07-01T11:15:01.004285,zenrows,datanyze,https://www.datanyze.com/,39,200,3339.0,True
2026-07-01T11:15:04.317921,zenrows,datanyze,https://www.datanyze.com/,40,200,3275.7,True
2026-07-01T11:15:09.850724,zenrows,datanyze,https://www.datanyze.com/,41,200,5492.2,True
2026-07-01T11:15:11.527762,zenrows,datanyze,https://www.datanyze.com/,42,200,1639.9,True
2026-07-01T11:15:19.221277,zenrows,datanyze,https://www.datanyze.com/,43,200,7650.8,True
2026-07-01T11:15:27.261744,zenrows,datanyze,https://www.datanyze.com/,44,200,8005.7,True
2026-07-01T11:15:42.349941,zenrows,datanyze,https://www.datanyze.com/,45,200,15048.1,True
2026-07-01T11:15:44.594305,zenrows,datanyze,https://www.datanyze.com/,46,200,2220.9,True
2026-07-01T11:15:46.292299,zenrows,datanyze,https://www.datanyze.com/,47,200,1677.1,True
2026-07-01T11:15:55.315627,zenrows,datanyze,https://www.datanyze.com/,48,200,8999.2,True
2026-07-01T11:16:04.297315,zenrows,datanyze,https://www.datanyze.com/,49,200,8957.4,True
2026-07-01T11:16:07.481803,zenrows,datanyze,https://www.datanyze.com/,50,200,3159.5,True
2026-07-01T11:16:09.496937,zenrows,datanyze,https://www.datanyze.com/,51,200,1971.0,True
2026-07-01T11:16:16.362158,zenrows,datanyze,https://www.datanyze.com/,52,200,6819.9,True
2026-07-01T11:16:20.335355,zenrows,datanyze,https://www.datanyze.com/,53,200,3956.0,True
2026-07-01T11:16:24.325682,zenrows,datanyze,https://www.datanyze.com/,54,200,3976.2,True
2026-07-01T11:16:29.031031,zenrows,datanyze,https://www.datanyze.com/,55,200,4676.5,True
2026-07-01T11:16:33.373717,zenrows,datanyze,https://www.datanyze.com/,56,200,4318.0,True
2026-07-01T11:16:43.907606,zenrows,datanyze,https://www.datanyze.com/,57,200,10508.0,True
2026-07-01T11:16:48.985321,zenrows,datanyze,https://www.datanyze.com/,58,200,5052.5,True
2026-07-01T11:16:51.684663,zenrows,datanyze,https://www.datanyze.com/,59,200,2673.6,True
2026-07-01T11:16:53.354100,zenrows,datanyze,https://www.datanyze.com/,60,200,1644.5,True
2026-07-01T11:16:54.693203,zenrows,datanyze,https://www.datanyze.com/,61,200,1314.9,True
2026-07-01T11:16:57.294251,zenrows,datanyze,https://www.datanyze.com/,62,200,2577.5,True
2026-07-01T11:17:03.154924,zenrows,datanyze,https://www.datanyze.com/,63,200,5830.0,True
2026-07-01T11:17:05.018295,zenrows,datanyze,https://www.datanyze.com/,64,200,1840.3,True
2026-07-01T11:17:06.724979,zenrows,datanyze,https://www.datanyze.com/,65,200,1681.9,True
2026-07-01T11:17:09.587001,zenrows,datanyze,https://www.datanyze.com/,66,200,2839.3,True
2026-07-01T11:17:12.651977,zenrows,datanyze,https://www.datanyze.com/,67,200,3046.1,True
2026-07-01T11:17:15.870650,zenrows,datanyze,https://www.datanyze.com/,68,200,3190.3,True
2026-07-01T11:17:17.736277,zenrows,datanyze,https://www.datanyze.com/,69,200,1842.8,True
2026-07-01T11:17:22.283596,zenrows,datanyze,https://www.datanyze.com/,70,200,4521.9,True
2026-07-01T11:17:26.400620,zenrows,datanyze,https://www.datanyze.com/,71,200,4090.6,True
2026-07-01T11:17:28.138434,zenrows,datanyze,https://www.datanyze.com/,72,200,1708.0,True
2026-07-01T11:17:33.690214,zenrows,datanyze,https://www.datanyze.com/,73,200,5527.8,True
2026-07-01T11:17:36.593392,zenrows,datanyze,https://www.datanyze.com/,74,200,2875.9,True
2026-07-01T11:17:38.568949,zenrows,datanyze,https://www.datanyze.com/,75,200,1950.3,True
2026-07-01T11:17:40.325401,zenrows,datanyze,https://www.datanyze.com/,76,200,1730.0,True
2026-07-01T11:17:42.254154,zenrows,datanyze,https://www.datanyze.com/,77,200,1903.1,True
2026-07-01T11:17:49.632066,zenrows,datanyze,https://www.datanyze.com/,78,200,7352.5,True
2026-07-01T11:17:59.283002,zenrows,datanyze,https://www.datanyze.com/,79,200,9606.1,True
2026-07-01T11:18:01.180130,zenrows,datanyze,https://www.datanyze.com/,80,200,1872.9,True
2026-07-01T11:18:03.812611,zenrows,datanyze,https://www.datanyze.com/,81,200,2606.4,True
2026-07-01T11:18:14.312643,zenrows,datanyze,https://www.datanyze.com/,82,200,10473.3,True
2026-07-01T11:18:16.386542,zenrows,datanyze,https://www.datanyze.com/,83,200,2043.5,True
2026-07-01T11:18:19.448349,zenrows,datanyze,https://www.datanyze.com/,84,200,3045.7,True
2026-07-01T11:18:21.561839,zenrows,datanyze,https://www.datanyze.com/,85,200,2038.7,True
2026-07-01T11:18:23.174177,zenrows,datanyze,https://www.datanyze.com/,86,200,1588.1,True
2026-07-01T11:18:25.794803,zenrows,datanyze,https://www.datanyze.com/,87,200,2595.7,True
2026-07-01T11:21:45.741690,zenrows,datanyze,https://www.datanyze.com/,88,200,30854.1,True
2026-07-01T11:21:47.848071,zenrows,datanyze,https://www.datanyze.com/,89,200,2079.5,True
2026-07-01T11:21:57.659387,zenrows,datanyze,https://www.datanyze.com/,90,200,9789.6,True
2026-07-01T11:22:08.613444,zenrows,datanyze,https://www.datanyze.com/,91,200,10926.5,True
2026-07-01T11:22:27.194594,zenrows,datanyze,https://www.datanyze.com/,92,200,18558.6,True
2026-07-01T11:22:33.774577,zenrows,datanyze,https://www.datanyze.com/,93,200,6556.3,True
2026-07-01T11:22:35.400619,zenrows,datanyze,https://www.datanyze.com/,94,200,1598.7,True
2026-07-01T11:22:36.909974,zenrows,datanyze,https://www.datanyze.com/,95,200,1493.4,True
2026-07-01T11:22:38.805343,zenrows,datanyze,https://www.datanyze.com/,96,200,1870.4,True
2026-07-01T11:22:40.796815,zenrows,datanyze,https://www.datanyze.com/,97,200,1964.5,True
2026-07-01T11:22:42.976851,zenrows,datanyze,https://www.datanyze.com/,98,200,2157.5,True
2026-07-01T11:23:11.492235,zenrows,datanyze,https://www.datanyze.com/,99,200,28485.4,True
2026-07-01T11:23:53.627092,zenrows,datanyze,https://www.datanyze.com/,100,200,42107.7,True
2026-07-01T11:23:55.872605,zyte,datanyze,https://www.datanyze.com/,1,200,2217.4,True
2026-07-01T11:23:57.828187,zyte,datanyze,https://www.datanyze.com/,2,200,1928.3,True
2026-07-01T11:24:00.907664,zyte,datanyze,https://www.datanyze.com/,3,200,3053.1,True
2026-07-01T11:24:08.994814,zyte,datanyze,https://www.datanyze.com/,4,200,8057.8,True
2026-07-01T11:24:26.899368,zyte,datanyze,https://www.datanyze.com/,5,200,17879.2,True
2026-07-01T11:24:28.791377,zyte,datanyze,https://www.datanyze.com/,6,200,1866.1,True
2026-07-01T11:24:30.782273,zyte,datanyze,https://www.datanyze.com/,7,200,1938.6,True
2026-07-01T11:24:39.427231,zyte,datanyze,https://www.datanyze.com/,8,200,8619.4,True
2026-07-01T11:24:41.717144,zyte,datanyze,https://www.datanyze.com/,9,200,2263.0,True
2026-07-01T11:24:43.779498,zyte,datanyze,https://www.datanyze.com/,10,200,2037.4,True
2026-07-01T11:24:45.703836,zyte,datanyze,https://www.datanyze.com/,11,200,1906.9,True
2026-07-01T11:24:47.932358,zyte,datanyze,https://www.datanyze.com/,12,200,2201.3,True
2026-07-01T11:24:49.729810,zyte,datanyze,https://www.datanyze.com/,13,200,1769.7,True
2026-07-01T11:24:51.918444,zyte,datanyze,https://www.datanyze.com/,14,200,2163.2,True
2026-07-01T11:24:54.448881,zyte,datanyze,https://www.datanyze.com/,15,200,2505.0,True
2026-07-01T11:24:57.311751,zyte,datanyze,https://www.datanyze.com/,16,200,2837.2,True
2026-07-01T11:25:00.188390,zyte,datanyze,https://www.datanyze.com/,17,200,2850.0,True
2026-07-01T11:25:02.705649,zyte,datanyze,https://www.datanyze.com/,18,200,2496.0,True
2026-07-01T11:25:04.627100,zyte,datanyze,https://www.datanyze.com/,19,200,1891.8,True
2026-07-01T11:25:06.410757,zyte,datanyze,https://www.datanyze.com/,20,200,1755.0,True
2026-07-01T11:27:11.249663,zyte,datanyze,https://www.datanyze.com/,21,0,2885.2,False
2026-07-01T11:27:14.178683,zyte,datanyze,https://www.datanyze.com/,22,200,2901.9,True
2026-07-01T11:27:16.662870,zyte,datanyze,https://www.datanyze.com/,23,200,2452.0,True
2026-07-01T11:27:18.564483,zyte,datanyze,https://www.datanyze.com/,24,200,1883.3,True
2026-07-01T11:27:21.887967,zyte,datanyze,https://www.datanyze.com/,25,200,3297.1,True
2026-07-01T11:27:24.004839,zyte,datanyze,https://www.datanyze.com/,26,200,2090.6,True
2026-07-01T11:27:27.162780,zyte,datanyze,https://www.datanyze.com/,27,200,3132.2,True
2026-07-01T11:27:29.216257,zyte,datanyze,https://www.datanyze.com/,28,200,2025.3,True
2026-07-01T11:27:31.307074,zyte,datanyze,https://www.datanyze.com/,29,200,2076.6,True
2026-07-01T11:27:33.437439,zyte,datanyze,https://www.datanyze.com/,30,200,2107.2,True
2026-07-01T11:27:35.351783,zyte,datanyze,https://www.datanyze.com/,31,200,1887.9,True
2026-07-01T11:27:52.815769,zyte,datanyze,https://www.datanyze.com/,32,200,17437.9,True
2026-07-01T11:27:55.051053,zyte,datanyze,https://www.datanyze.com/,33,200,2208.6,True
2026-07-01T11:27:58.137948,zyte,datanyze,https://www.datanyze.com/,34,200,3069.8,True
2026-07-01T11:28:00.400953,zyte,datanyze,https://www.datanyze.com/,35,200,2237.0,True
2026-07-01T11:28:02.815816,zyte,datanyze,https://www.datanyze.com/,36,200,2365.5,True
2026-07-01T11:28:06.085787,zyte,datanyze,https://www.datanyze.com/,37,200,3242.8,True
2026-07-01T11:28:10.713554,zyte,datanyze,https://www.datanyze.com/,38,200,4605.8,True
2026-07-01T11:28:12.908131,zyte,datanyze,https://www.datanyze.com/,39,200,2172.1,True
2026-07-01T11:28:16.536277,zyte,datanyze,https://www.datanyze.com/,40,200,3603.4,True
2026-07-01T11:28:20.648394,zyte,datanyze,https://www.datanyze.com/,41,200,4084.0,True
2026-07-01T11:28:23.788070,zyte,datanyze,https://www.datanyze.com/,42,200,3110.8,True
2026-07-01T11:28:26.302315,zyte,datanyze,https://www.datanyze.com/,43,200,2496.5,True
2026-07-01T11:28:30.073721,zyte,datanyze,https://www.datanyze.com/,44,200,3740.5,True
2026-07-01T11:28:33.951748,zyte,datanyze,https://www.datanyze.com/,45,200,3850.6,True
2026-07-01T11:28:37.372719,zyte,datanyze,https://www.datanyze.com/,46,200,3394.6,True
2026-07-01T11:28:41.560848,zyte,datanyze,https://www.datanyze.com/,47,200,4161.2,True
2026-07-01T11:28:45.995149,zyte,datanyze,https://www.datanyze.com/,48,200,4406.4,True
2026-07-01T11:28:49.036088,zyte,datanyze,https://www.datanyze.com/,49,200,3011.4,True
2026-07-01T11:28:50.967228,zyte,datanyze,https://www.datanyze.com/,50,200,1907.2,True
2026-07-01T11:28:52.946641,zyte,datanyze,https://www.datanyze.com/,51,200,1953.2,True
2026-07-01T11:28:56.778622,zyte,datanyze,https://www.datanyze.com/,52,200,3806.8,True
2026-07-01T11:28:58.871152,zyte,datanyze,https://www.datanyze.com/,53,200,2068.8,True
2026-07-01T11:29:02.538275,zyte,datanyze,https://www.datanyze.com/,54,200,3643.0,True
2026-07-01T11:29:06.303779,zyte,datanyze,https://www.datanyze.com/,55,200,3740.0,True
2026-07-01T11:29:09.786303,zyte,datanyze,https://www.datanyze.com/,56,200,3455.9,True
2026-07-01T11:29:12.417653,zyte,datanyze,https://www.datanyze.com/,57,200,2601.8,True
2026-07-01T11:29:16.411106,zyte,datanyze,https://www.datanyze.com/,58,200,3971.2,True
2026-07-01T11:29:18.390450,zyte,datanyze,https://www.datanyze.com/,59,200,1954.1,True
2026-07-01T11:29:21.562849,zyte,datanyze,https://www.datanyze.com/,60,200,3148.7,True
2026-07-01T11:29:24.968001,zyte,datanyze,https://www.datanyze.com/,61,200,3379.4,True
2026-07-01T11:29:32.662769,zyte,datanyze,https://www.datanyze.com/,62,200,7667.6,True
2026-07-01T11:29:36.342587,zyte,datanyze,https://www.datanyze.com/,63,200,3660.6,True
2026-07-01T11:29:43.358292,zyte,datanyze,https://www.datanyze.com/,64,200,6986.8,True
2026-07-01T11:29:46.880800,zyte,datanyze,https://www.datanyze.com/,65,200,3476.7,True
2026-07-01T11:29:48.854205,zyte,datanyze,https://www.datanyze.com/,66,200,1949.6,True
2026-07-01T11:29:52.634693,zyte,datanyze,https://www.datanyze.com/,67,200,3753.2,True
2026-07-01T11:29:54.470123,zyte,datanyze,https://www.datanyze.com/,68,200,1811.5,True
2026-07-01T11:29:58.111316,zyte,datanyze,https://www.datanyze.com/,69,200,3609.5,True
2026-07-01T11:30:00.835350,zyte,datanyze,https://www.datanyze.com/,70,200,2696.7,True
2026-07-01T11:30:02.609831,zyte,datanyze,https://www.datanyze.com/,71,200,1748.2,True
2026-07-01T11:30:05.963063,zyte,datanyze,https://www.datanyze.com/,72,200,3318.0,True
2026-07-01T11:30:08.759716,zyte,datanyze,https://www.datanyze.com/,73,200,2772.9,True
2026-07-01T11:30:10.570269,zyte,datanyze,https://www.datanyze.com/,74,200,1785.4,True
2026-07-01T11:30:12.658131,zyte,datanyze,https://www.datanyze.com/,75,200,2058.2,True
2026-07-01T11:30:23.557046,zyte,datanyze,https://www.datanyze.com/,76,200,10872.6,True
2026-07-01T11:30:27.448772,zyte,datanyze,https://www.datanyze.com/,77,200,3865.8,True
2026-07-01T11:30:30.993680,zyte,datanyze,https://www.datanyze.com/,78,200,3519.6,True
2026-07-01T11:30:33.650814,zyte,datanyze,https://www.datanyze.com/,79,200,2640.1,True
2026-07-01T11:30:37.719760,zyte,datanyze,https://www.datanyze.com/,80,200,4041.8,True
2026-07-01T11:30:40.890174,zyte,datanyze,https://www.datanyze.com/,81,200,3143.5,True
2026-07-01T11:30:45.371534,zyte,datanyze,https://www.datanyze.com/,82,200,4457.6,True
2026-07-01T11:30:50.916511,zyte,datanyze,https://www.datanyze.com/,83,200,5524.7,True
2026-07-01T11:31:01.466188,zyte,datanyze,https://www.datanyze.com/,84,200,10524.8,True
2026-07-01T11:31:03.787994,zyte,datanyze,https://www.datanyze.com/,85,200,2292.9,True
2026-07-01T11:31:05.450691,zyte,datanyze,https://www.datanyze.com/,86,200,1638.3,True
2026-07-01T11:31:07.465918,zyte,datanyze,https://www.datanyze.com/,87,200,1952.8,True
2026-07-01T11:31:09.319725,zyte,datanyze,https://www.datanyze.com/,88,200,1825.8,True
2026-07-01T11:31:11.649208,zyte,datanyze,https://www.datanyze.com/,89,200,2304.3,True
2026-07-01T11:31:46.376639,zyte,datanyze,https://www.datanyze.com/,90,200,29958.4,True
2026-07-01T11:31:49.478488,zyte,datanyze,https://www.datanyze.com/,91,200,3074.6,True
2026-07-01T11:31:51.315878,zyte,datanyze,https://www.datanyze.com/,92,200,1809.8,True
2026-07-01T11:31:53.482314,zyte,datanyze,https://www.datanyze.com/,93,200,2118.9,True
2026-07-01T11:31:55.459852,zyte,datanyze,https://www.datanyze.com/,94,200,1960.7,True
2026-07-01T11:31:57.224215,zyte,datanyze,https://www.datanyze.com/,95,200,1742.8,True
2026-07-01T11:31:59.130392,zyte,datanyze,https://www.datanyze.com/,96,200,1880.5,True
2026-07-01T11:32:01.260705,zyte,datanyze,https://www.datanyze.com/,97,200,2101.0,True
2026-07-01T11:32:04.107690,zyte,datanyze,https://www.datanyze.com/,98,200,2828.7,True
2026-07-01T11:32:06.239499,zyte,datanyze,https://www.datanyze.com/,99,200,2106.9,True
2026-07-01T11:32:08.186893,zyte,datanyze,https://www.datanyze.com/,100,200,1922.8,True
2026-07-01T11:32:14.180798,zenrows,google_serp,https://www.google.com/search?q=best+web+scraping+api,1,200,5951.3,True
2026-07-01T11:32:28.983174,zenrows,google_serp,https://www.google.com/search?q=best+web+scraping+api,2,200,14757.3,True
2026-07-01T11:32:57.252529,zenrows,google_serp,https://www.google.com/search?q=best+web+scraping+api,3,200,28220.1,True
2026-07-01T11:33:03.952652,zenrows,google_serp,https://www.google.com/search?q=best+web+scraping+api,4,200,6654.5,True
2026-07-01T11:33:10.653120,zenrows,google_serp,https://www.google.com/search?q=best+web+scraping+api,5,200,6660.3,True
2026-07-01T11:33:16.743661,zenrows,google_serp,https://www.google.com/search?q=best+web+scraping+api,6,200,6059.8,True
2026-07-01T11:33:43.525182,zenrows,google_serp,https://www.google.com/search?q=best+web+scraping+api,7,200,26734.2,True
2026-07-01T11:33:47.883673,zenrows,google_serp,https://www.google.com/search?q=best+web+scraping+api,8,200,4300.5,True
2026-07-01T11:34:05.704126,zenrows,google_serp,https://www.google.com/search?q=best+web+scraping+api,9,200,17756.2,True
2026-07-01T11:34:58.488591,zenrows,google_serp,https://www.google.com/search?q=best+web+scraping+api,10,200,52685.9,True
2026-07-01T11:35:53.737408,zenrows,google_serp,https://www.google.com/search?q=best+web+scraping+api,11,200,55186.3,True
2026-07-01T11:36:21.686414,zenrows,google_serp,https://www.google.com/search?q=best+web+scraping+api,12,200,27846.9,True
2026-07-01T11:36:28.825778,zenrows,google_serp,https://www.google.com/search?q=best+web+scraping+api,13,200,7087.1,True
2026-07-01T11:37:25.199560,zenrows,google_serp,https://www.google.com/search?q=best+web+scraping+api,14,200,56316.6,True
2026-07-01T11:38:23.525241,zenrows,google_serp,https://www.google.com/search?q=best+web+scraping+api,15,200,58197.4,True
2026-07-01T11:39:23.426872,zenrows,google_serp,https://www.google.com/search?q=best+web+scraping+api,16,200,59795.0,True
2026-07-01T11:40:24.167283,zenrows,google_serp,https://www.google.com/search?q=best+web+scraping+api,17,0,60737.2,False
2026-07-01T11:41:18.216146,zenrows,google_serp,https://www.google.com/search?q=best+web+scraping+api,18,200,53927.1,True
2026-07-01T11:41:41.721794,zenrows,google_serp,https://www.google.com/search?q=best+web+scraping+api,19,200,23459.4,True
2026-07-01T11:41:48.234956,zenrows,google_serp,https://www.google.com/search?q=best+web+scraping+api,20,200,6468.0,True
2026-07-01T11:42:15.076454,zenrows,google_serp,https://www.google.com/search?q=best+web+scraping+api,21,200,26692.2,True
2026-07-01T11:42:20.648700,zenrows,google_serp,https://www.google.com/search?q=best+web+scraping+api,22,200,5536.3,True
2026-07-01T11:42:59.038964,zenrows,google_serp,https://www.google.com/search?q=best+web+scraping+api,23,200,38287.2,True
2026-07-01T11:43:48.026346,zenrows,google_serp,https://www.google.com/search?q=best+web+scraping+api,24,200,48915.2,True
2026-07-01T11:44:07.691858,zenrows,google_serp,https://www.google.com/search?q=best+web+scraping+api,25,200,19603.1,True
2026-07-01T11:44:13.001935,zenrows,google_serp,https://www.google.com/search?q=best+web+scraping+api,26,200,5244.3,True
2026-07-01T11:44:24.005196,zenrows,google_serp,https://www.google.com/search?q=best+web+scraping+api,27,200,10996.6,True
2026-07-01T11:44:34.428242,zenrows,google_serp,https://www.google.com/search?q=best+web+scraping+api,28,200,10376.0,True
2026-07-01T11:45:21.688918,zenrows,google_serp,https://www.google.com/search?q=best+web+scraping+api,29,200,47178.1,True
2026-07-01T11:45:33.622848,zenrows,google_serp,https://www.google.com/search?q=best+web+scraping+api,30,200,11906.6,True
2026-07-01T11:45:52.123834,zenrows,google_serp,https://www.google.com/search?q=best+web+scraping+api,31,200,18427.2,True
2026-07-01T11:46:28.463366,zenrows,google_serp,https://www.google.com/search?q=best+web+scraping+api,32,200,36288.0,True
2026-07-01T11:46:34.952285,zenrows,google_serp,https://www.google.com/search?q=best+web+scraping+api,33,200,6446.4,True
2026-07-01T11:46:57.570602,zenrows,google_serp,https://www.google.com/search?q=best+web+scraping+api,34,200,22510.4,True
2026-07-01T11:47:36.163888,zenrows,google_serp,https://www.google.com/search?q=best+web+scraping+api,35,200,38518.7,True
2026-07-01T11:48:05.648237,zenrows,google_serp,https://www.google.com/search?q=best+web+scraping+api,36,200,29422.0,True
2026-07-01T11:49:06.330496,zenrows,google_serp,https://www.google.com/search?q=best+web+scraping+api,37,0,60681.3,False
2026-07-01T11:49:13.602322,zenrows,google_serp,https://www.google.com/search?q=best+web+scraping+api,38,200,7216.4,True
2026-07-01T11:50:16.340557,zenrows,google_serp,https://www.google.com/search?q=best+web+scraping+api,39,0,62736.5,False
2026-07-01T11:50:34.478363,zenrows,google_serp,https://www.google.com/search?q=best+web+scraping+api,40,200,18121.5,True
2026-07-01T11:50:44.762800,zenrows,google_serp,https://www.google.com/search?q=best+web+scraping+api,41,200,10233.9,True
2026-07-01T11:51:11.460421,zenrows,google_serp,https://www.google.com/search?q=best+web+scraping+api,42,200,26656.3,True
2026-07-01T11:51:41.402771,zenrows,google_serp,https://www.google.com/search?q=best+web+scraping+api,43,200,29867.2,True
2026-07-01T11:52:10.759565,zenrows,google_serp,https://www.google.com/search?q=best+web+scraping+api,44,200,29318.9,True
2026-07-01T11:52:32.787812,zenrows,google_serp,https://www.google.com/search?q=best+web+scraping+api,45,200,21986.2,True
2026-07-01T11:53:33.553345,zenrows,google_serp,https://www.google.com/search?q=best+web+scraping+api,46,0,60792.3,False
2026-07-01T11:53:41.166228,zenrows,google_serp,https://www.google.com/search?q=best+web+scraping+api,47,200,7557.7,True
2026-07-01T11:53:49.053662,zenrows,google_serp,https://www.google.com/search?q=best+web+scraping+api,48,200,7852.9,True
2026-07-01T11:53:53.953132,zenrows,google_serp,https://www.google.com/search?q=best+web+scraping+api,49,200,4833.8,True
2026-07-01T11:54:09.113891,zenrows,google_serp,https://www.google.com/search?q=best+web+scraping+api,50,200,15113.0,True
2026-07-01T11:54:14.783183,zenrows,google_serp,https://www.google.com/search?q=best+web+scraping+api,51,200,5644.6,True
2026-07-01T11:54:29.669419,zenrows,google_serp,https://www.google.com/search?q=best+web+scraping+api,52,200,14851.4,True
2026-07-01T11:54:45.622112,zenrows,google_serp,https://www.google.com/search?q=best+web+scraping+api,53,200,15883.2,True
2026-07-01T11:54:57.485635,zenrows,google_serp,https://www.google.com/search?q=best+web+scraping+api,54,200,11795.3,True
2026-07-01T11:55:51.391034,zenrows,google_serp,https://www.google.com/search?q=best+web+scraping+api,55,200,53804.1,True
2026-07-01T11:56:52.495566,zenrows,google_serp,https://www.google.com/search?q=best+web+scraping+api,56,0,61103.7,False
2026-07-01T11:57:04.183114,zenrows,google_serp,https://www.google.com/search?q=best+web+scraping+api,57,200,11604.7,True
2026-07-01T11:57:25.175542,zenrows,google_serp,https://www.google.com/search?q=best+web+scraping+api,58,200,20943.5,True
2026-07-01T11:57:34.076345,zenrows,google_serp,https://www.google.com/search?q=best+web+scraping+api,59,200,8835.9,True
2026-07-01T11:57:42.965442,zenrows,google_serp,https://www.google.com/search?q=best+web+scraping+api,60,200,8841.5,True
2026-07-01T11:57:57.877343,zenrows,google_serp,https://www.google.com/search?q=best+web+scraping+api,61,200,14797.3,True
2026-07-01T11:58:49.083897,zenrows,google_serp,https://www.google.com/search?q=best+web+scraping+api,62,200,51151.0,True
2026-07-01T11:59:45.051423,zenrows,google_serp,https://www.google.com/search?q=best+web+scraping+api,63,422,55964.4,False
2026-07-01T12:00:45.795152,zenrows,google_serp,https://www.google.com/search?q=best+web+scraping+api,64,0,60743.0,False
2026-07-01T12:01:11.441609,zenrows,google_serp,https://www.google.com/search?q=best+web+scraping+api,65,200,25594.4,True
2026-07-01T12:01:39.361921,zenrows,google_serp,https://www.google.com/search?q=best+web+scraping+api,66,200,27904.8,True
2026-07-01T12:01:44.427598,zenrows,google_serp,https://www.google.com/search?q=best+web+scraping+api,67,200,5012.3,True
2026-07-01T12:02:08.777862,zenrows,google_serp,https://www.google.com/search?q=best+web+scraping+api,68,200,24324.2,True
2026-07-01T12:02:20.729216,zenrows,google_serp,https://www.google.com/search?q=best+web+scraping+api,69,200,11870.6,True
2026-07-01T12:02:47.274061,zenrows,google_serp,https://www.google.com/search?q=best+web+scraping+api,70,200,26432.0,True
2026-07-01T12:03:48.161382,zenrows,google_serp,https://www.google.com/search?q=best+web+scraping+api,71,0,60886.2,False
2026-07-01T12:04:02.635245,zenrows,google_serp,https://www.google.com/search?q=best+web+scraping+api,72,200,14421.9,True
2026-07-01T12:04:14.155568,zenrows,google_serp,https://www.google.com/search?q=best+web+scraping+api,73,200,11485.3,True
2026-07-01T12:04:54.965568,zenrows,google_serp,https://www.google.com/search?q=best+web+scraping+api,74,200,40701.9,True
2026-07-01T12:05:32.654108,zenrows,google_serp,https://www.google.com/search?q=best+web+scraping+api,75,200,37660.8,True
2026-07-01T12:06:09.026601,zenrows,google_serp,https://www.google.com/search?q=best+web+scraping+api,76,200,36241.1,True
2026-07-01T12:06:39.922474,zenrows,google_serp,https://www.google.com/search?q=best+web+scraping+api,77,200,30846.4,True
2026-07-01T12:07:40.734644,zenrows,google_serp,https://www.google.com/search?q=best+web+scraping+api,78,0,60811.5,False
2026-07-01T12:08:11.557780,zenrows,google_serp,https://www.google.com/search?q=best+web+scraping+api,79,200,30801.9,True
2026-07-01T12:08:20.466679,zenrows,google_serp,https://www.google.com/search?q=best+web+scraping+api,80,200,8855.2,True
2026-07-01T12:08:37.188487,zenrows,google_serp,https://www.google.com/search?q=best+web+scraping+api,81,200,16669.0,True
2026-07-01T12:08:55.585364,zenrows,google_serp,https://www.google.com/search?q=best+web+scraping+api,82,200,18346.0,True
2026-07-01T12:09:16.912458,zenrows,google_serp,https://www.google.com/search?q=best+web+scraping+api,83,200,21203.9,True
2026-07-01T12:10:01.119308,zenrows,google_serp,https://www.google.com/search?q=best+web+scraping+api,84,200,44131.3,True
2026-07-01T12:10:07.753109,zenrows,google_serp,https://www.google.com/search?q=best+web+scraping+api,85,200,6615.2,True
2026-07-01T12:10:13.690940,zenrows,google_serp,https://www.google.com/search?q=best+web+scraping+api,86,200,5891.4,True
2026-07-01T12:10:27.282315,zenrows,google_serp,https://www.google.com/search?q=best+web+scraping+api,87,200,13561.7,True
2026-07-01T12:10:42.042263,zenrows,google_serp,https://www.google.com/search?q=best+web+scraping+api,88,200,14676.8,True
2026-07-01T12:11:42.942850,zenrows,google_serp,https://www.google.com/search?q=best+web+scraping+api,89,0,60899.7,False
2026-07-01T12:11:52.743235,zenrows,google_serp,https://www.google.com/search?q=best+web+scraping+api,90,200,9752.8,True
2026-07-01T12:12:31.041425,zenrows,google_serp,https://www.google.com/search?q=best+web+scraping+api,91,200,38281.1,True
2026-07-01T12:13:31.766330,zenrows,google_serp,https://www.google.com/search?q=best+web+scraping+api,92,0,60723.9,False
2026-07-01T12:13:37.566891,zenrows,google_serp,https://www.google.com/search?q=best+web+scraping+api,93,200,5779.5,True
2026-07-01T12:14:06.219766,zenrows,google_serp,https://www.google.com/search?q=best+web+scraping+api,94,200,28611.1,True
2026-07-01T12:14:11.545530,zenrows,google_serp,https://www.google.com/search?q=best+web+scraping+api,95,200,5276.8,True
2026-07-01T12:14:47.028111,zenrows,google_serp,https://www.google.com/search?q=best+web+scraping+api,96,200,35404.6,True
2026-07-01T12:15:40.267008,zenrows,google_serp,https://www.google.com/search?q=best+web+scraping+api,97,200,53132.1,True
2026-07-01T12:15:46.723487,zenrows,google_serp,https://www.google.com/search?q=best+web+scraping+api,98,200,6420.0,True
2026-07-01T12:16:47.455663,zenrows,google_serp,https://www.google.com/search?q=best+web+scraping+api,99,0,60731.4,False
2026-07-01T12:17:48.235765,zenrows,google_serp,https://www.google.com/search?q=best+web+scraping+api,100,0,60779.2,False
2026-07-01T12:17:59.323414,zyte,google_serp,https://www.google.com/search?q=best+web+scraping+api,1,520,11083.0,False
2026-07-01T12:18:12.490226,zyte,google_serp,https://www.google.com/search?q=best+web+scraping+api,2,520,13164.9,False
2026-07-01T12:18:27.610728,zyte,google_serp,https://www.google.com/search?q=best+web+scraping+api,3,520,15117.0,False
2026-07-01T12:18:30.292983,zyte,google_serp,https://www.google.com/search?q=best+web+scraping+api,4,520,2678.8,False
2026-07-01T12:18:56.852351,zyte,google_serp,https://www.google.com/search?q=best+web+scraping+api,5,520,26555.5,False
2026-07-01T12:19:08.382520,zyte,google_serp,https://www.google.com/search?q=best+web+scraping+api,6,520,11527.2,False
2026-07-01T12:19:22.623629,zyte,google_serp,https://www.google.com/search?q=best+web+scraping+api,7,520,14238.7,False
2026-07-01T12:20:23.550278,zyte,google_serp,https://www.google.com/search?q=best+web+scraping+api,8,0,60925.7,False
2026-07-01T12:20:23.572420,zyte,google_serp,https://www.google.com/search?q=best+web+scraping+api,9,0,21.6,False
2026-07-01T12:20:24.062418,zyte,google_serp,https://www.google.com/search?q=best+web+scraping+api,10,0,6.6,False
2026-07-01T12:20:24.565307,zyte,google_serp,https://www.google.com/search?q=best+web+scraping+api,11,0,8.5,False
2026-07-01T12:20:25.069371,zyte,google_serp,https://www.google.com/search?q=best+web+scraping+api,12,0,7.8,False
2026-07-01T12:20:25.571227,zyte,google_serp,https://www.google.com/search?q=best+web+scraping+api,13,0,4.2,False
2026-07-01T12:20:26.079718,zyte,google_serp,https://www.google.com/search?q=best+web+scraping+api,14,0,7.0,False
2026-07-01T12:20:26.589274,zyte,google_serp,https://www.google.com/search?q=best+web+scraping+api,15,0,11.6,False
2026-07-01T12:20:27.091135,zyte,google_serp,https://www.google.com/search?q=best+web+scraping+api,16,0,7.7,False
2026-07-01T12:20:27.600500,zyte,google_serp,https://www.google.com/search?q=best+web+scraping+api,17,0,11.8,False
2026-07-01T12:20:28.101036,zyte,google_serp,https://www.google.com/search?q=best+web+scraping+api,18,0,7.4,False
2026-07-01T12:20:28.606957,zyte,google_serp,https://www.google.com/search?q=best+web+scraping+api,19,0,8.2,False
2026-07-01T12:20:29.111435,zyte,google_serp,https://www.google.com/search?q=best+web+scraping+api,20,0,8.0,False
2026-07-01T12:20:29.617441,zyte,google_serp,https://www.google.com/search?q=best+web+scraping+api,21,0,8.9,False
2026-07-01T12:20:30.121623,zyte,google_serp,https://www.google.com/search?q=best+web+scraping+api,22,0,8.0,False
2026-07-01T12:20:30.626676,zyte,google_serp,https://www.google.com/search?q=best+web+scraping+api,23,0,7.9,False
2026-07-01T12:20:31.131867,zyte,google_serp,https://www.google.com/search?q=best+web+scraping+api,24,0,8.0,False
2026-07-01T12:20:31.637688,zyte,google_serp,https://www.google.com/search?q=best+web+scraping+api,25,0,8.8,False
2026-07-01T12:20:32.145385,zyte,google_serp,https://www.google.com/search?q=best+web+scraping+api,26,0,11.4,False
2026-07-01T12:20:32.643359,zyte,google_serp,https://www.google.com/search?q=best+web+scraping+api,27,0,8.1,False
2026-07-01T12:20:33.147181,zyte,google_serp,https://www.google.com/search?q=best+web+scraping+api,28,0,6.3,False
2026-07-01T12:20:33.653935,zyte,google_serp,https://www.google.com/search?q=best+web+scraping+api,29,0,8.3,False
2026-07-01T12:20:34.156870,zyte,google_serp,https://www.google.com/search?q=best+web+scraping+api,30,0,6.2,False
2026-07-01T12:20:34.663353,zyte,google_serp,https://www.google.com/search?q=best+web+scraping+api,31,0,7.5,False
2026-07-01T12:20:35.168596,zyte,google_serp,https://www.google.com/search?q=best+web+scraping+api,32,0,7.7,False
2026-07-01T12:20:35.674954,zyte,google_serp,https://www.google.com/search?q=best+web+scraping+api,33,0,9.0,False
2026-07-01T12:20:36.177630,zyte,google_serp,https://www.google.com/search?q=best+web+scraping+api,34,0,7.7,False
2026-07-01T12:20:36.688490,zyte,google_serp,https://www.google.com/search?q=best+web+scraping+api,35,0,13.4,False
2026-07-01T12:20:37.185753,zyte,google_serp,https://www.google.com/search?q=best+web+scraping+api,36,0,5.7,False
2026-07-01T12:20:37.694562,zyte,google_serp,https://www.google.com/search?q=best+web+scraping+api,37,0,9.4,False
2026-07-01T12:20:38.197328,zyte,google_serp,https://www.google.com/search?q=best+web+scraping+api,38,0,7.0,False
2026-07-01T12:20:38.703044,zyte,google_serp,https://www.google.com/search?q=best+web+scraping+api,39,0,7.6,False
2026-07-01T12:20:39.207579,zyte,google_serp,https://www.google.com/search?q=best+web+scraping+api,40,0,7.0,False
2026-07-01T12:20:39.708978,zyte,google_serp,https://www.google.com/search?q=best+web+scraping+api,41,0,6.8,False
2026-07-01T12:20:40.210002,zyte,google_serp,https://www.google.com/search?q=best+web+scraping+api,42,0,3.2,False
2026-07-01T12:20:40.715847,zyte,google_serp,https://www.google.com/search?q=best+web+scraping+api,43,0,7.8,False
2026-07-01T12:20:41.219971,zyte,google_serp,https://www.google.com/search?q=best+web+scraping+api,44,0,7.8,False
2026-07-01T12:20:41.726439,zyte,google_serp,https://www.google.com/search?q=best+web+scraping+api,45,0,12.4,False
2026-07-01T12:20:42.219681,zyte,google_serp,https://www.google.com/search?q=best+web+scraping+api,46,0,4.3,False
2026-07-01T12:20:42.730188,zyte,google_serp,https://www.google.com/search?q=best+web+scraping+api,47,0,9.5,False
2026-07-01T12:20:43.227102,zyte,google_serp,https://www.google.com/search?q=best+web+scraping+api,48,0,3.5,False
2026-07-01T12:20:43.735967,zyte,google_serp,https://www.google.com/search?q=best+web+scraping+api,49,0,7.3,False
2026-07-01T12:20:44.238265,zyte,google_serp,https://www.google.com/search?q=best+web+scraping+api,50,0,4.6,False
2026-07-01T12:20:44.742815,zyte,google_serp,https://www.google.com/search?q=best+web+scraping+api,51,0,4.6,False
2026-07-01T12:20:45.248441,zyte,google_serp,https://www.google.com/search?q=best+web+scraping+api,52,0,6.2,False
2026-07-01T12:20:45.754755,zyte,google_serp,https://www.google.com/search?q=best+web+scraping+api,53,0,7.5,False
2026-07-01T12:20:46.255372,zyte,google_serp,https://www.google.com/search?q=best+web+scraping+api,54,0,5.9,False
2026-07-01T12:20:46.756624,zyte,google_serp,https://www.google.com/search?q=best+web+scraping+api,55,0,6.6,False
2026-07-01T12:20:47.259378,zyte,google_serp,https://www.google.com/search?q=best+web+scraping+api,56,0,4.5,False
2026-07-01T12:20:47.770752,zyte,google_serp,https://www.google.com/search?q=best+web+scraping+api,57,0,9.8,False
2026-07-01T12:20:48.272119,zyte,google_serp,https://www.google.com/search?q=best+web+scraping+api,58,0,6.8,False
2026-07-01T12:20:48.781506,zyte,google_serp,https://www.google.com/search?q=best+web+scraping+api,59,0,10.9,False
2026-07-01T12:20:49.282213,zyte,google_serp,https://www.google.com/search?q=best+web+scraping+api,60,0,6.6,False
2026-07-01T12:20:49.787074,zyte,google_serp,https://www.google.com/search?q=best+web+scraping+api,61,0,6.2,False
2026-07-01T12:20:50.293562,zyte,google_serp,https://www.google.com/search?q=best+web+scraping+api,62,0,7.7,False
2026-07-01T12:20:50.792845,zyte,google_serp,https://www.google.com/search?q=best+web+scraping+api,63,0,6.5,False
2026-07-01T12:20:51.294585,zyte,google_serp,https://www.google.com/search?q=best+web+scraping+api,64,0,4.4,False
2026-07-01T12:20:51.795951,zyte,google_serp,https://www.google.com/search?q=best+web+scraping+api,65,0,4.4,False
2026-07-01T12:20:52.299385,zyte,google_serp,https://www.google.com/search?q=best+web+scraping+api,66,0,4.5,False
2026-07-01T12:20:52.810920,zyte,google_serp,https://www.google.com/search?q=best+web+scraping+api,67,0,13.5,False
2026-07-01T12:20:53.309832,zyte,google_serp,https://www.google.com/search?q=best+web+scraping+api,68,0,7.1,False
2026-07-01T12:20:53.815156,zyte,google_serp,https://www.google.com/search?q=best+web+scraping+api,69,0,7.5,False
2026-07-01T12:20:54.318872,zyte,google_serp,https://www.google.com/search?q=best+web+scraping+api,70,0,6.1,False
2026-07-01T12:20:54.828661,zyte,google_serp,https://www.google.com/search?q=best+web+scraping+api,71,0,10.7,False
2026-07-01T12:20:55.326217,zyte,google_serp,https://www.google.com/search?q=best+web+scraping+api,72,0,6.3,False
2026-07-01T12:20:55.831835,zyte,google_serp,https://www.google.com/search?q=best+web+scraping+api,73,0,7.0,False
2026-07-01T12:20:56.338298,zyte,google_serp,https://www.google.com/search?q=best+web+scraping+api,74,0,8.4,False
2026-07-01T12:20:56.841343,zyte,google_serp,https://www.google.com/search?q=best+web+scraping+api,75,0,7.1,False
2026-07-01T12:20:57.346701,zyte,google_serp,https://www.google.com/search?q=best+web+scraping+api,76,0,7.3,False
2026-07-01T12:20:57.846556,zyte,google_serp,https://www.google.com/search?q=best+web+scraping+api,77,0,6.4,False
2026-07-01T12:20:58.347646,zyte,google_serp,https://www.google.com/search?q=best+web+scraping+api,78,0,5.0,False
2026-07-01T12:20:58.847459,zyte,google_serp,https://www.google.com/search?q=best+web+scraping+api,79,0,3.8,False
2026-07-01T12:20:59.352898,zyte,google_serp,https://www.google.com/search?q=best+web+scraping+api,80,0,7.2,False
2026-07-01T12:20:59.855432,zyte,google_serp,https://www.google.com/search?q=best+web+scraping+api,81,0,6.2,False
2026-07-01T12:21:00.360458,zyte,google_serp,https://www.google.com/search?q=best+web+scraping+api,82,0,6.7,False
2026-07-01T12:21:00.866239,zyte,google_serp,https://www.google.com/search?q=best+web+scraping+api,83,0,7.4,False
2026-07-01T12:21:01.370062,zyte,google_serp,https://www.google.com/search?q=best+web+scraping+api,84,0,6.1,False
2026-07-01T12:21:01.872340,zyte,google_serp,https://www.google.com/search?q=best+web+scraping+api,85,0,3.4,False
2026-07-01T12:21:02.377560,zyte,google_serp,https://www.google.com/search?q=best+web+scraping+api,86,0,7.1,False
2026-07-01T12:21:02.882506,zyte,google_serp,https://www.google.com/search?q=best+web+scraping+api,87,0,7.0,False
2026-07-01T12:21:03.384147,zyte,google_serp,https://www.google.com/search?q=best+web+scraping+api,88,0,6.3,False
2026-07-01T12:21:03.889313,zyte,google_serp,https://www.google.com/search?q=best+web+scraping+api,89,0,6.8,False
2026-07-01T12:21:04.389787,zyte,google_serp,https://www.google.com/search?q=best+web+scraping+api,90,0,6.6,False
2026-07-01T12:21:04.897522,zyte,google_serp,https://www.google.com/search?q=best+web+scraping+api,91,0,7.5,False
2026-07-01T12:21:05.402246,zyte,google_serp,https://www.google.com/search?q=best+web+scraping+api,92,0,7.2,False
2026-07-01T12:21:05.907338,zyte,google_serp,https://www.google.com/search?q=best+web+scraping+api,93,0,7.2,False
2026-07-01T12:21:06.415352,zyte,google_serp,https://www.google.com/search?q=best+web+scraping+api,94,0,5.1,False
2026-07-01T12:21:06.927609,zyte,google_serp,https://www.google.com/search?q=best+web+scraping+api,95,0,7.3,False
2026-07-01T12:21:07.429444,zyte,google_serp,https://www.google.com/search?q=best+web+scraping+api,96,0,7.1,False
2026-07-01T12:21:07.945272,zyte,google_serp,https://www.google.com/search?q=best+web+scraping+api,97,0,5.7,False
2026-07-01T12:21:08.449273,zyte,google_serp,https://www.google.com/search?q=best+web+scraping+api,98,0,3.7,False
2026-07-01T12:21:08.958765,zyte,google_serp,https://www.google.com/search?q=best+web+scraping+api,99,0,5.5,False
2026-07-01T12:21:09.461132,zyte,google_serp,https://www.google.com/search?q=best+web+scraping+api,100,0,6.4,False
2026-07-01T12:21:09.973746,zenrows,ikea_cloudflare,https://www.ikea.com/,1,0,4.0,False
2026-07-01T12:21:10.486435,zenrows,ikea_cloudflare,https://www.ikea.com/,2,0,6.8,False
2026-07-01T12:21:10.998536,zenrows,ikea_cloudflare,https://www.ikea.com/,3,0,8.2,False
2026-07-01T12:21:11.505165,zenrows,ikea_cloudflare,https://www.ikea.com/,4,0,7.5,False
2026-07-01T12:21:12.016183,zenrows,ikea_cloudflare,https://www.ikea.com/,5,0,7.8,False
2026-07-01T12:21:12.514753,zenrows,ikea_cloudflare,https://www.ikea.com/,6,0,6.5,False
2026-07-01T12:21:13.019037,zenrows,ikea_cloudflare,https://www.ikea.com/,7,0,4.3,False
2026-07-01T12:21:13.528426,zenrows,ikea_cloudflare,https://www.ikea.com/,8,0,4.1,False
2026-07-01T12:21:14.037024,zenrows,ikea_cloudflare,https://www.ikea.com/,9,0,9.0,False
2026-07-01T12:21:14.544254,zenrows,ikea_cloudflare,https://www.ikea.com/,10,0,6.1,False
2026-07-01T12:21:15.055003,zenrows,ikea_cloudflare,https://www.ikea.com/,11,0,8.6,False
2026-07-01T12:21:15.553895,zenrows,ikea_cloudflare,https://www.ikea.com/,12,0,5.6,False
2026-07-01T12:21:16.065143,zenrows,ikea_cloudflare,https://www.ikea.com/,13,0,7.6,False
2026-07-01T12:21:16.574751,zenrows,ikea_cloudflare,https://www.ikea.com/,14,0,7.1,False
2026-07-01T12:21:17.084636,zenrows,ikea_cloudflare,https://www.ikea.com/,15,0,6.9,False
2026-07-01T12:21:17.586914,zenrows,ikea_cloudflare,https://www.ikea.com/,16,0,7.4,False
2026-07-01T12:21:18.097638,zenrows,ikea_cloudflare,https://www.ikea.com/,17,0,6.2,False
2026-07-01T12:21:18.602478,zenrows,ikea_cloudflare,https://www.ikea.com/,18,0,7.3,False
2026-07-01T12:21:19.112374,zenrows,ikea_cloudflare,https://www.ikea.com/,19,0,7.1,False
2026-07-01T12:21:19.621464,zenrows,ikea_cloudflare,https://www.ikea.com/,20,0,6.1,False
2026-07-01T12:21:20.125083,zenrows,ikea_cloudflare,https://www.ikea.com/,21,0,7.3,False
2026-07-01T12:21:20.635161,zenrows,ikea_cloudflare,https://www.ikea.com/,22,0,7.3,False
2026-07-01T12:21:21.137609,zenrows,ikea_cloudflare,https://www.ikea.com/,23,0,7.8,False
2026-07-01T12:21:21.640518,zenrows,ikea_cloudflare,https://www.ikea.com/,24,0,3.6,False
2026-07-01T12:21:22.154723,zenrows,ikea_cloudflare,https://www.ikea.com/,25,0,7.9,False
2026-07-01T12:21:22.661212,zenrows,ikea_cloudflare,https://www.ikea.com/,26,0,9.4,False
2026-07-01T12:21:23.173563,zenrows,ikea_cloudflare,https://www.ikea.com/,27,0,11.7,False
2026-07-01T12:21:23.675558,zenrows,ikea_cloudflare,https://www.ikea.com/,28,0,13.2,False
2026-07-01T12:21:24.181609,zenrows,ikea_cloudflare,https://www.ikea.com/,29,0,9.1,False
2026-07-01T12:21:24.692145,zenrows,ikea_cloudflare,https://www.ikea.com/,30,0,9.4,False
2026-07-01T12:21:25.199819,zenrows,ikea_cloudflare,https://www.ikea.com/,31,0,7.1,False
2026-07-01T12:21:25.699306,zenrows,ikea_cloudflare,https://www.ikea.com/,32,0,3.1,False
2026-07-01T12:21:26.205463,zenrows,ikea_cloudflare,https://www.ikea.com/,33,0,4.4,False
2026-07-01T12:21:26.717395,zenrows,ikea_cloudflare,https://www.ikea.com/,34,0,13.4,False
2026-07-01T12:21:27.220926,zenrows,ikea_cloudflare,https://www.ikea.com/,35,0,6.8,False
2026-07-01T12:21:27.733518,zenrows,ikea_cloudflare,https://www.ikea.com/,36,0,9.7,False
2026-07-01T12:21:28.237071,zenrows,ikea_cloudflare,https://www.ikea.com/,37,0,11.8,False
2026-07-01T12:21:28.743482,zenrows,ikea_cloudflare,https://www.ikea.com/,38,0,8.4,False
2026-07-01T12:21:29.253203,zenrows,ikea_cloudflare,https://www.ikea.com/,39,0,7.9,False
2026-07-01T12:21:29.757491,zenrows,ikea_cloudflare,https://www.ikea.com/,40,0,6.7,False
2026-07-01T12:21:30.272326,zenrows,ikea_cloudflare,https://www.ikea.com/,41,0,11.5,False
2026-07-01T12:21:30.770889,zenrows,ikea_cloudflare,https://www.ikea.com/,42,0,8.0,False
2026-07-01T12:21:31.282260,zenrows,ikea_cloudflare,https://www.ikea.com/,43,0,10.3,False
2026-07-01T12:21:31.782839,zenrows,ikea_cloudflare,https://www.ikea.com/,44,0,7.4,False
2026-07-01T12:21:32.289819,zenrows,ikea_cloudflare,https://www.ikea.com/,45,0,4.3,False
2026-07-01T12:21:32.798823,zenrows,ikea_cloudflare,https://www.ikea.com/,46,0,5.4,False
2026-07-01T12:21:33.307140,zenrows,ikea_cloudflare,https://www.ikea.com/,47,0,6.2,False
2026-07-01T12:21:33.814217,zenrows,ikea_cloudflare,https://www.ikea.com/,48,0,5.6,False
2026-07-01T12:21:34.327176,zenrows,ikea_cloudflare,https://www.ikea.com/,49,0,10.5,False
2026-07-01T12:21:34.829346,zenrows,ikea_cloudflare,https://www.ikea.com/,50,0,4.1,False
2026-07-01T12:21:35.411205,zenrows,ikea_cloudflare,https://www.ikea.com/,51,0,77.7,False
2026-07-01T12:21:35.851512,zenrows,ikea_cloudflare,https://www.ikea.com/,52,0,10.4,False
2026-07-01T12:21:36.351250,zenrows,ikea_cloudflare,https://www.ikea.com/,53,0,5.6,False
2026-07-01T12:21:36.859034,zenrows,ikea_cloudflare,https://www.ikea.com/,54,0,4.3,False
2026-07-01T12:21:37.364463,zenrows,ikea_cloudflare,https://www.ikea.com/,55,0,7.1,False
2026-07-01T12:21:37.870074,zenrows,ikea_cloudflare,https://www.ikea.com/,56,0,4.1,False
2026-07-01T12:21:38.379435,zenrows,ikea_cloudflare,https://www.ikea.com/,57,0,7.2,False
2026-07-01T12:21:38.889435,zenrows,ikea_cloudflare,https://www.ikea.com/,58,0,7.2,False
2026-07-01T12:21:39.389950,zenrows,ikea_cloudflare,https://www.ikea.com/,59,0,6.6,False
2026-07-01T12:21:39.901419,zenrows,ikea_cloudflare,https://www.ikea.com/,60,0,8.0,False
2026-07-01T12:21:40.405842,zenrows,ikea_cloudflare,https://www.ikea.com/,61,0,6.8,False
2026-07-01T12:21:40.907412,zenrows,ikea_cloudflare,https://www.ikea.com/,62,0,6.7,False
2026-07-01T12:21:41.420937,zenrows,ikea_cloudflare,https://www.ikea.com/,63,0,10.2,False
2026-07-01T12:21:41.927866,zenrows,ikea_cloudflare,https://www.ikea.com/,64,0,7.0,False
2026-07-01T12:21:42.431446,zenrows,ikea_cloudflare,https://www.ikea.com/,65,0,4.5,False
2026-07-01T12:21:42.938906,zenrows,ikea_cloudflare,https://www.ikea.com/,66,0,10.4,False
2026-07-01T12:21:43.443269,zenrows,ikea_cloudflare,https://www.ikea.com/,67,0,4.7,False
2026-07-01T12:21:43.950954,zenrows,ikea_cloudflare,https://www.ikea.com/,68,0,6.0,False
2026-07-01T12:21:44.461793,zenrows,ikea_cloudflare,https://www.ikea.com/,69,0,7.1,False
2026-07-01T12:21:44.972109,zenrows,ikea_cloudflare,https://www.ikea.com/,70,0,7.4,False
2026-07-01T12:21:45.481985,zenrows,ikea_cloudflare,https://www.ikea.com/,71,0,7.2,False
2026-07-01T12:21:45.983540,zenrows,ikea_cloudflare,https://www.ikea.com/,72,0,7.9,False
2026-07-01T12:21:46.488639,zenrows,ikea_cloudflare,https://www.ikea.com/,73,0,6.4,False
2026-07-01T12:21:46.997249,zenrows,ikea_cloudflare,https://www.ikea.com/,74,0,6.8,False
2026-07-01T12:21:47.511732,zenrows,ikea_cloudflare,https://www.ikea.com/,75,0,11.1,False
2026-07-01T12:21:48.017876,zenrows,ikea_cloudflare,https://www.ikea.com/,76,0,7.2,False
2026-07-01T12:21:48.529171,zenrows,ikea_cloudflare,https://www.ikea.com/,77,0,8.4,False
2026-07-01T12:21:49.033049,zenrows,ikea_cloudflare,https://www.ikea.com/,78,0,7.6,False
2026-07-01T12:21:49.540455,zenrows,ikea_cloudflare,https://www.ikea.com/,79,0,6.4,False
2026-07-01T12:21:50.050886,zenrows,ikea_cloudflare,https://www.ikea.com/,80,0,7.5,False
2026-07-01T12:21:50.560784,zenrows,ikea_cloudflare,https://www.ikea.com/,81,0,7.2,False
2026-07-01T12:21:51.070731,zenrows,ikea_cloudflare,https://www.ikea.com/,82,0,11.7,False
2026-07-01T12:21:51.579839,zenrows,ikea_cloudflare,https://www.ikea.com/,83,0,12.7,False
2026-07-01T12:21:52.076670,zenrows,ikea_cloudflare,https://www.ikea.com/,84,0,8.0,False
2026-07-01T12:21:52.584642,zenrows,ikea_cloudflare,https://www.ikea.com/,85,0,6.6,False
2026-07-01T12:21:53.092394,zenrows,ikea_cloudflare,https://www.ikea.com/,86,0,6.0,False
2026-07-01T12:21:53.593182,zenrows,ikea_cloudflare,https://www.ikea.com/,87,0,5.3,False
2026-07-01T12:21:54.096613,zenrows,ikea_cloudflare,https://www.ikea.com/,88,0,6.9,False
2026-07-01T12:21:54.606024,zenrows,ikea_cloudflare,https://www.ikea.com/,89,0,7.6,False
2026-07-01T12:21:55.107147,zenrows,ikea_cloudflare,https://www.ikea.com/,90,0,7.8,False
2026-07-01T12:21:55.609218,zenrows,ikea_cloudflare,https://www.ikea.com/,91,0,4.6,False
2026-07-01T12:21:56.118730,zenrows,ikea_cloudflare,https://www.ikea.com/,92,0,7.3,False
2026-07-01T12:21:56.624035,zenrows,ikea_cloudflare,https://www.ikea.com/,93,0,6.7,False
2026-07-01T12:21:57.126876,zenrows,ikea_cloudflare,https://www.ikea.com/,94,0,6.7,False
2026-07-01T12:21:57.638198,zenrows,ikea_cloudflare,https://www.ikea.com/,95,0,8.0,False
2026-07-01T12:21:58.145109,zenrows,ikea_cloudflare,https://www.ikea.com/,96,0,7.2,False
2026-07-01T12:21:58.646250,zenrows,ikea_cloudflare,https://www.ikea.com/,97,0,6.1,False
2026-07-01T12:21:59.157875,zenrows,ikea_cloudflare,https://www.ikea.com/,98,0,7.7,False
2026-07-01T12:21:59.669572,zenrows,ikea_cloudflare,https://www.ikea.com/,99,0,6.2,False
2026-07-01T12:22:00.174295,zenrows,ikea_cloudflare,https://www.ikea.com/,100,0,6.8,False
2026-07-01T12:22:00.675777,zyte,ikea_cloudflare,https://www.ikea.com/,1,0,6.9,False
2026-07-01T12:22:01.186124,zyte,ikea_cloudflare,https://www.ikea.com/,2,0,7.2,False
2026-07-01T12:22:01.691646,zyte,ikea_cloudflare,https://www.ikea.com/,3,0,7.5,False
2026-07-01T12:22:02.193382,zyte,ikea_cloudflare,https://www.ikea.com/,4,0,3.2,False
2026-07-01T12:22:02.697007,zyte,ikea_cloudflare,https://www.ikea.com/,5,0,6.2,False
2026-07-01T12:22:03.211378,zyte,ikea_cloudflare,https://www.ikea.com/,6,0,10.0,False
2026-07-01T12:22:03.716047,zyte,ikea_cloudflare,https://www.ikea.com/,7,0,7.1,False
2026-07-01T12:22:04.226389,zyte,ikea_cloudflare,https://www.ikea.com/,8,0,9.2,False
2026-07-01T12:22:04.735505,zyte,ikea_cloudflare,https://www.ikea.com/,9,0,8.0,False
2026-07-01T12:22:05.240713,zyte,ikea_cloudflare,https://www.ikea.com/,10,0,3.8,False
2026-07-01T12:22:05.752648,zyte,ikea_cloudflare,https://www.ikea.com/,11,0,7.8,False
2026-07-01T12:22:06.254106,zyte,ikea_cloudflare,https://www.ikea.com/,12,0,6.3,False
2026-07-01T12:22:06.764251,zyte,ikea_cloudflare,https://www.ikea.com/,13,0,8.0,False
2026-07-01T12:22:07.276971,zyte,ikea_cloudflare,https://www.ikea.com/,14,0,10.8,False
2026-07-01T12:22:07.773758,zyte,ikea_cloudflare,https://www.ikea.com/,15,0,6.2,False
2026-07-01T12:22:08.272822,zyte,ikea_cloudflare,https://www.ikea.com/,16,0,4.7,False
2026-07-01T12:22:08.774928,zyte,ikea_cloudflare,https://www.ikea.com/,17,0,5.8,False
2026-07-01T12:22:09.283175,zyte,ikea_cloudflare,https://www.ikea.com/,18,0,4.6,False
2026-07-01T12:22:09.790007,zyte,ikea_cloudflare,https://www.ikea.com/,19,0,7.1,False
2026-07-01T12:22:10.303743,zyte,ikea_cloudflare,https://www.ikea.com/,20,0,10.8,False
2026-07-01T12:22:10.810228,zyte,ikea_cloudflare,https://www.ikea.com/,21,0,7.2,False
2026-07-01T12:22:11.323743,zyte,ikea_cloudflare,https://www.ikea.com/,22,0,10.6,False
2026-07-01T12:22:11.830623,zyte,ikea_cloudflare,https://www.ikea.com/,23,0,7.4,False
2026-07-01T12:22:12.335896,zyte,ikea_cloudflare,https://www.ikea.com/,24,0,7.2,False
2026-07-01T12:22:12.850930,zyte,ikea_cloudflare,https://www.ikea.com/,25,0,14.9,False
2026-07-01T12:22:13.349083,zyte,ikea_cloudflare,https://www.ikea.com/,26,0,5.9,False
2026-07-01T12:22:13.857968,zyte,ikea_cloudflare,https://www.ikea.com/,27,0,7.3,False
2026-07-01T12:22:14.368196,zyte,ikea_cloudflare,https://www.ikea.com/,28,0,4.6,False
2026-07-01T12:22:14.879824,zyte,ikea_cloudflare,https://www.ikea.com/,29,0,6.1,False
2026-07-01T12:22:15.382265,zyte,ikea_cloudflare,https://www.ikea.com/,30,0,6.5,False
2026-07-01T12:22:15.895979,zyte,ikea_cloudflare,https://www.ikea.com/,31,0,9.9,False
2026-07-01T12:22:16.402261,zyte,ikea_cloudflare,https://www.ikea.com/,32,0,6.1,False
2026-07-01T12:22:16.912551,zyte,ikea_cloudflare,https://www.ikea.com/,33,0,6.3,False
2026-07-01T12:22:17.422492,zyte,ikea_cloudflare,https://www.ikea.com/,34,0,6.8,False
2026-07-01T12:22:17.932594,zyte,ikea_cloudflare,https://www.ikea.com/,35,0,6.8,False
2026-07-01T12:22:18.433127,zyte,ikea_cloudflare,https://www.ikea.com/,36,0,7.1,False
2026-07-01T12:22:18.939644,zyte,ikea_cloudflare,https://www.ikea.com/,37,0,7.2,False
2026-07-01T12:22:19.444977,zyte,ikea_cloudflare,https://www.ikea.com/,38,0,3.2,False
2026-07-01T12:22:19.958755,zyte,ikea_cloudflare,https://www.ikea.com/,39,0,8.3,False
2026-07-01T12:22:20.467467,zyte,ikea_cloudflare,https://www.ikea.com/,40,0,7.0,False
2026-07-01T12:22:20.970241,zyte,ikea_cloudflare,https://www.ikea.com/,41,0,7.1,False
2026-07-01T12:22:21.479760,zyte,ikea_cloudflare,https://www.ikea.com/,42,0,6.5,False
2026-07-01T12:22:21.990349,zyte,ikea_cloudflare,https://www.ikea.com/,43,0,7.5,False
2026-07-01T12:22:22.500039,zyte,ikea_cloudflare,https://www.ikea.com/,44,0,6.5,False
2026-07-01T12:22:23.008775,zyte,ikea_cloudflare,https://www.ikea.com/,45,0,6.1,False
2026-07-01T12:22:23.520008,zyte,ikea_cloudflare,https://www.ikea.com/,46,0,7.2,False
2026-07-01T12:22:24.030467,zyte,ikea_cloudflare,https://www.ikea.com/,47,0,7.6,False
2026-07-01T12:22:24.537743,zyte,ikea_cloudflare,https://www.ikea.com/,48,0,3.6,False
2026-07-01T12:22:25.047888,zyte,ikea_cloudflare,https://www.ikea.com/,49,0,7.6,False
2026-07-01T12:22:25.557154,zyte,ikea_cloudflare,https://www.ikea.com/,50,0,6.5,False
2026-07-01T12:22:26.061220,zyte,ikea_cloudflare,https://www.ikea.com/,51,0,6.3,False
2026-07-01T12:22:26.571040,zyte,ikea_cloudflare,https://www.ikea.com/,52,0,6.0,False
2026-07-01T12:22:27.081768,zyte,ikea_cloudflare,https://www.ikea.com/,53,0,6.7,False
2026-07-01T12:22:27.589015,zyte,ikea_cloudflare,https://www.ikea.com/,54,0,12.5,False
2026-07-01T12:22:28.093819,zyte,ikea_cloudflare,https://www.ikea.com/,55,0,7.2,False
2026-07-01T12:22:28.594455,zyte,ikea_cloudflare,https://www.ikea.com/,56,0,6.3,False
2026-07-01T12:22:29.109004,zyte,ikea_cloudflare,https://www.ikea.com/,57,0,10.7,False
2026-07-01T12:22:29.614890,zyte,ikea_cloudflare,https://www.ikea.com/,58,0,6.5,False
2026-07-01T12:22:30.125281,zyte,ikea_cloudflare,https://www.ikea.com/,59,0,12.1,False
2026-07-01T12:22:30.629906,zyte,ikea_cloudflare,https://www.ikea.com/,60,0,7.9,False
2026-07-01T12:22:31.142388,zyte,ikea_cloudflare,https://www.ikea.com/,61,0,6.8,False
2026-07-01T12:22:31.653873,zyte,ikea_cloudflare,https://www.ikea.com/,62,0,15.6,False
2026-07-01T12:22:32.148123,zyte,ikea_cloudflare,https://www.ikea.com/,63,0,9.4,False
2026-07-01T12:22:32.645175,zyte,ikea_cloudflare,https://www.ikea.com/,64,0,6.1,False
2026-07-01T12:22:33.156499,zyte,ikea_cloudflare,https://www.ikea.com/,65,0,7.3,False
2026-07-01T12:22:33.670004,zyte,ikea_cloudflare,https://www.ikea.com/,66,0,10.7,False
2026-07-01T12:22:34.176530,zyte,ikea_cloudflare,https://www.ikea.com/,67,0,8.3,False
2026-07-01T12:22:34.686577,zyte,ikea_cloudflare,https://www.ikea.com/,68,0,8.0,False
2026-07-01T12:22:35.185453,zyte,ikea_cloudflare,https://www.ikea.com/,69,0,6.1,False
2026-07-01T12:22:35.685927,zyte,ikea_cloudflare,https://www.ikea.com/,70,0,6.1,False
2026-07-01T12:22:36.186074,zyte,ikea_cloudflare,https://www.ikea.com/,71,0,6.0,False
2026-07-01T12:22:36.688245,zyte,ikea_cloudflare,https://www.ikea.com/,72,0,7.4,False
2026-07-01T12:22:37.195058,zyte,ikea_cloudflare,https://www.ikea.com/,73,0,4.4,False
2026-07-01T12:22:37.705267,zyte,ikea_cloudflare,https://www.ikea.com/,74,0,6.6,False
2026-07-01T12:22:38.216762,zyte,ikea_cloudflare,https://www.ikea.com/,75,0,9.4,False
2026-07-01T12:22:38.714498,zyte,ikea_cloudflare,https://www.ikea.com/,76,0,6.4,False
2026-07-01T12:22:39.215977,zyte,ikea_cloudflare,https://www.ikea.com/,77,0,4.3,False
2026-07-01T12:22:39.718171,zyte,ikea_cloudflare,https://www.ikea.com/,78,0,6.2,False
2026-07-01T12:22:40.231476,zyte,ikea_cloudflare,https://www.ikea.com/,79,0,6.8,False
2026-07-01T12:22:40.734426,zyte,ikea_cloudflare,https://www.ikea.com/,80,0,6.7,False
2026-07-01T12:22:41.233297,zyte,ikea_cloudflare,https://www.ikea.com/,81,0,3.1,False
2026-07-01T12:22:41.738644,zyte,ikea_cloudflare,https://www.ikea.com/,82,0,6.6,False
2026-07-01T12:22:42.239573,zyte,ikea_cloudflare,https://www.ikea.com/,83,0,6.4,False
2026-07-01T12:22:42.750079,zyte,ikea_cloudflare,https://www.ikea.com/,84,0,8.4,False
2026-07-01T12:22:43.256473,zyte,ikea_cloudflare,https://www.ikea.com/,85,0,6.9,False
2026-07-01T12:22:43.765526,zyte,ikea_cloudflare,https://www.ikea.com/,86,0,5.8,False
2026-07-01T12:22:44.269545,zyte,ikea_cloudflare,https://www.ikea.com/,87,0,7.1,False
2026-07-01T12:22:44.780787,zyte,ikea_cloudflare,https://www.ikea.com/,88,0,8.2,False
2026-07-01T12:22:45.290827,zyte,ikea_cloudflare,https://www.ikea.com/,89,0,8.1,False
2026-07-01T12:22:45.800433,zyte,ikea_cloudflare,https://www.ikea.com/,90,0,8.7,False
2026-07-01T12:22:46.310937,zyte,ikea_cloudflare,https://www.ikea.com/,91,0,10.6,False
2026-07-01T12:22:46.815257,zyte,ikea_cloudflare,https://www.ikea.com/,92,0,6.5,False
2026-07-01T12:22:47.324075,zyte,ikea_cloudflare,https://www.ikea.com/,93,0,6.6,False
2026-07-01T12:22:47.823293,zyte,ikea_cloudflare,https://www.ikea.com/,94,0,4.1,False
2026-07-01T12:22:48.325451,zyte,ikea_cloudflare,https://www.ikea.com/,95,0,2.2,False
2026-07-01T12:22:48.843796,zyte,ikea_cloudflare,https://www.ikea.com/,96,0,10.4,False
2026-07-01T12:22:49.353086,zyte,ikea_cloudflare,https://www.ikea.com/,97,0,7.5,False
2026-07-01T12:22:49.860490,zyte,ikea_cloudflare,https://www.ikea.com/,98,0,6.6,False
2026-07-01T12:22:50.370811,zyte,ikea_cloudflare,https://www.ikea.com/,99,0,6.9,False
2026-07-01T12:22:50.880726,zyte,ikea_cloudflare,https://www.ikea.com/,100,0,6.7,False
2026-07-01T12:22:51.389995,zenrows,reuters_news,https://www.reuters.com/,1,0,6.7,False
2026-07-01T12:22:51.900088,zenrows,reuters_news,https://www.reuters.com/,2,0,7.7,False
2026-07-01T12:22:52.406983,zenrows,reuters_news,https://www.reuters.com/,3,0,4.1,False
2026-07-01T12:22:52.916993,zenrows,reuters_news,https://www.reuters.com/,4,0,7.7,False
2026-07-01T12:22:53.426865,zenrows,reuters_news,https://www.reuters.com/,5,0,7.4,False
2026-07-01T12:22:53.931504,zenrows,reuters_news,https://www.reuters.com/,6,0,7.4,False
2026-07-01T12:22:54.440088,zenrows,reuters_news,https://www.reuters.com/,7,0,5.9,False
2026-07-01T12:22:54.951829,zenrows,reuters_news,https://www.reuters.com/,8,0,7.6,False
2026-07-01T12:22:55.461874,zenrows,reuters_news,https://www.reuters.com/,9,0,11.2,False
2026-07-01T12:22:55.967114,zenrows,reuters_news,https://www.reuters.com/,10,0,6.4,False
2026-07-01T12:22:56.479397,zenrows,reuters_news,https://www.reuters.com/,11,0,6.4,False
2026-07-01T12:22:56.988870,zenrows,reuters_news,https://www.reuters.com/,12,0,6.4,False
2026-07-01T12:22:57.495057,zenrows,reuters_news,https://www.reuters.com/,13,0,6.3,False
2026-07-01T12:22:58.007880,zenrows,reuters_news,https://www.reuters.com/,14,0,15.0,False
2026-07-01T12:22:58.500225,zenrows,reuters_news,https://www.reuters.com/,15,0,6.5,False
2026-07-01T12:22:59.008597,zenrows,reuters_news,https://www.reuters.com/,16,0,8.0,False
2026-07-01T12:22:59.521192,zenrows,reuters_news,https://www.reuters.com/,17,0,6.2,False
2026-07-01T12:23:00.029608,zenrows,reuters_news,https://www.reuters.com/,18,0,5.5,False
2026-07-01T12:23:00.532902,zenrows,reuters_news,https://www.reuters.com/,19,0,7.3,False
2026-07-01T12:23:01.041418,zenrows,reuters_news,https://www.reuters.com/,20,0,8.0,False
2026-07-01T12:23:01.552450,zenrows,reuters_news,https://www.reuters.com/,21,0,6.8,False
2026-07-01T12:23:02.062149,zenrows,reuters_news,https://www.reuters.com/,22,0,6.7,False
2026-07-01T12:23:02.566028,zenrows,reuters_news,https://www.reuters.com/,23,0,7.2,False
2026-07-01T12:23:03.066811,zenrows,reuters_news,https://www.reuters.com/,24,0,6.3,False
2026-07-01T12:23:03.574854,zenrows,reuters_news,https://www.reuters.com/,25,0,7.4,False
2026-07-01T12:23:04.075253,zenrows,reuters_news,https://www.reuters.com/,26,0,7.4,False
2026-07-01T12:23:04.585085,zenrows,reuters_news,https://www.reuters.com/,27,0,8.0,False
2026-07-01T12:23:05.094376,zenrows,reuters_news,https://www.reuters.com/,28,0,7.1,False
2026-07-01T12:23:05.599077,zenrows,reuters_news,https://www.reuters.com/,29,0,4.7,False
2026-07-01T12:23:06.108461,zenrows,reuters_news,https://www.reuters.com/,30,0,7.3,False
2026-07-01T12:23:06.619952,zenrows,reuters_news,https://www.reuters.com/,31,0,10.0,False
2026-07-01T12:23:07.127685,zenrows,reuters_news,https://www.reuters.com/,32,0,7.7,False
2026-07-01T12:23:07.636094,zenrows,reuters_news,https://www.reuters.com/,33,0,7.2,False
2026-07-01T12:23:08.144188,zenrows,reuters_news,https://www.reuters.com/,34,0,7.0,False
2026-07-01T12:23:08.644809,zenrows,reuters_news,https://www.reuters.com/,35,0,7.0,False
2026-07-01T12:23:09.154767,zenrows,reuters_news,https://www.reuters.com/,36,0,6.8,False
2026-07-01T12:23:09.659375,zenrows,reuters_news,https://www.reuters.com/,37,0,6.5,False
2026-07-01T12:23:10.163213,zenrows,reuters_news,https://www.reuters.com/,38,0,7.7,False
2026-07-01T12:23:10.665573,zenrows,reuters_news,https://www.reuters.com/,39,0,6.4,False
2026-07-01T12:23:11.174456,zenrows,reuters_news,https://www.reuters.com/,40,0,6.6,False
2026-07-01T12:23:11.683939,zenrows,reuters_news,https://www.reuters.com/,41,0,6.0,False
2026-07-01T12:23:12.280576,zenrows,reuters_news,https://www.reuters.com/,42,0,100.2,False
2026-07-01T12:23:12.695414,zenrows,reuters_news,https://www.reuters.com/,43,0,4.9,False
2026-07-01T12:23:13.206403,zenrows,reuters_news,https://www.reuters.com/,44,0,7.2,False
2026-07-01T12:23:13.711438,zenrows,reuters_news,https://www.reuters.com/,45,0,11.6,False
2026-07-01T12:23:14.216435,zenrows,reuters_news,https://www.reuters.com/,46,0,4.8,False
2026-07-01T12:23:14.729242,zenrows,reuters_news,https://www.reuters.com/,47,0,7.4,False
2026-07-01T12:23:15.236596,zenrows,reuters_news,https://www.reuters.com/,48,0,4.7,False
2026-07-01T12:23:15.745434,zenrows,reuters_news,https://www.reuters.com/,49,0,10.9,False
2026-07-01T12:23:16.249889,zenrows,reuters_news,https://www.reuters.com/,50,0,5.4,False
2026-07-01T12:23:16.759322,zenrows,reuters_news,https://www.reuters.com/,51,0,5.0,False
2026-07-01T12:23:17.275519,zenrows,reuters_news,https://www.reuters.com/,52,0,11.1,False
2026-07-01T12:23:17.773073,zenrows,reuters_news,https://www.reuters.com/,53,0,7.2,False
2026-07-01T12:23:18.281092,zenrows,reuters_news,https://www.reuters.com/,54,0,5.2,False
2026-07-01T12:23:18.792995,zenrows,reuters_news,https://www.reuters.com/,55,0,8.2,False
2026-07-01T12:23:19.298248,zenrows,reuters_news,https://www.reuters.com/,56,0,7.0,False
2026-07-01T12:23:19.806908,zenrows,reuters_news,https://www.reuters.com/,57,0,14.3,False
2026-07-01T12:23:20.300162,zenrows,reuters_news,https://www.reuters.com/,58,0,4.3,False
2026-07-01T12:23:20.803928,zenrows,reuters_news,https://www.reuters.com/,59,0,6.9,False
2026-07-01T12:23:21.318150,zenrows,reuters_news,https://www.reuters.com/,60,0,11.0,False
2026-07-01T12:23:21.816504,zenrows,reuters_news,https://www.reuters.com/,61,0,6.7,False
2026-07-01T12:23:22.327285,zenrows,reuters_news,https://www.reuters.com/,62,0,7.4,False
2026-07-01T12:23:22.829840,zenrows,reuters_news,https://www.reuters.com/,63,0,4.0,False
2026-07-01T12:23:23.340024,zenrows,reuters_news,https://www.reuters.com/,64,0,5.5,False
2026-07-01T12:23:23.847242,zenrows,reuters_news,https://www.reuters.com/,65,0,6.1,False
2026-07-01T12:23:24.361619,zenrows,reuters_news,https://www.reuters.com/,66,0,6.2,False
2026-07-01T12:23:24.864134,zenrows,reuters_news,https://www.reuters.com/,67,0,6.7,False
2026-07-01T12:23:25.373850,zenrows,reuters_news,https://www.reuters.com/,68,0,6.3,False
2026-07-01T12:23:25.881106,zenrows,reuters_news,https://www.reuters.com/,69,0,9.9,False
2026-07-01T12:23:26.387956,zenrows,reuters_news,https://www.reuters.com/,70,0,6.6,False
2026-07-01T12:23:26.898731,zenrows,reuters_news,https://www.reuters.com/,71,0,7.3,False
2026-07-01T12:23:27.408372,zenrows,reuters_news,https://www.reuters.com/,72,0,6.3,False
2026-07-01T12:23:27.918113,zenrows,reuters_news,https://www.reuters.com/,73,0,6.8,False
2026-07-01T12:23:28.427680,zenrows,reuters_news,https://www.reuters.com/,74,0,7.3,False
2026-07-01T12:23:28.935707,zenrows,reuters_news,https://www.reuters.com/,75,0,5.3,False
2026-07-01T12:23:29.438492,zenrows,reuters_news,https://www.reuters.com/,76,0,7.0,False
2026-07-01T12:23:29.947838,zenrows,reuters_news,https://www.reuters.com/,77,0,11.6,False
2026-07-01T12:23:30.452463,zenrows,reuters_news,https://www.reuters.com/,78,0,6.7,False
2026-07-01T12:23:30.961343,zenrows,reuters_news,https://www.reuters.com/,79,0,7.6,False
2026-07-01T12:23:31.458365,zenrows,reuters_news,https://www.reuters.com/,80,0,3.3,False
2026-07-01T12:23:31.971814,zenrows,reuters_news,https://www.reuters.com/,81,0,6.7,False
2026-07-01T12:23:32.471985,zenrows,reuters_news,https://www.reuters.com/,82,0,6.7,False
2026-07-01T12:23:32.982547,zenrows,reuters_news,https://www.reuters.com/,83,0,7.7,False
2026-07-01T12:23:33.491925,zenrows,reuters_news,https://www.reuters.com/,84,0,6.9,False
2026-07-01T12:23:34.005761,zenrows,reuters_news,https://www.reuters.com/,85,0,11.1,False
2026-07-01T12:23:34.508802,zenrows,reuters_news,https://www.reuters.com/,86,0,7.9,False
2026-07-01T12:23:35.017380,zenrows,reuters_news,https://www.reuters.com/,87,0,6.3,False
2026-07-01T12:23:35.525052,zenrows,reuters_news,https://www.reuters.com/,88,0,3.5,False
2026-07-01T12:23:36.029456,zenrows,reuters_news,https://www.reuters.com/,89,0,7.3,False
2026-07-01T12:23:36.539082,zenrows,reuters_news,https://www.reuters.com/,90,0,7.1,False
2026-07-01T12:23:37.043203,zenrows,reuters_news,https://www.reuters.com/,91,0,8.2,False
2026-07-01T12:23:37.554131,zenrows,reuters_news,https://www.reuters.com/,92,0,6.2,False
2026-07-01T12:23:38.062810,zenrows,reuters_news,https://www.reuters.com/,93,0,11.6,False
2026-07-01T12:23:38.566990,zenrows,reuters_news,https://www.reuters.com/,94,0,7.8,False
2026-07-01T12:23:39.076105,zenrows,reuters_news,https://www.reuters.com/,95,0,6.9,False
2026-07-01T12:23:39.586241,zenrows,reuters_news,https://www.reuters.com/,96,0,5.2,False
2026-07-01T12:23:40.098774,zenrows,reuters_news,https://www.reuters.com/,97,0,7.8,False
2026-07-01T12:23:40.604704,zenrows,reuters_news,https://www.reuters.com/,98,0,3.7,False
2026-07-01T12:23:41.111903,zenrows,reuters_news,https://www.reuters.com/,99,0,5.8,False
2026-07-01T12:23:41.623111,zenrows,reuters_news,https://www.reuters.com/,100,0,13.8,False
2026-07-01T12:23:42.123156,zyte,reuters_news,https://www.reuters.com/,1,0,6.5,False
2026-07-01T12:23:42.631459,zyte,reuters_news,https://www.reuters.com/,2,0,4.9,False
2026-07-01T12:23:43.137128,zyte,reuters_news,https://www.reuters.com/,3,0,8.6,False
2026-07-01T12:23:43.642884,zyte,reuters_news,https://www.reuters.com/,4,0,6.0,False
2026-07-01T12:23:44.146579,zyte,reuters_news,https://www.reuters.com/,5,0,4.1,False
2026-07-01T12:23:44.662588,zyte,reuters_news,https://www.reuters.com/,6,0,6.4,False
2026-07-01T12:23:45.164883,zyte,reuters_news,https://www.reuters.com/,7,0,11.6,False
2026-07-01T12:23:45.670272,zyte,reuters_news,https://www.reuters.com/,8,0,7.4,False
2026-07-01T12:23:46.174036,zyte,reuters_news,https://www.reuters.com/,9,0,7.6,False
2026-07-01T12:23:46.674463,zyte,reuters_news,https://www.reuters.com/,10,0,6.9,False
2026-07-01T12:23:47.176194,zyte,reuters_news,https://www.reuters.com/,11,0,4.8,False
2026-07-01T12:23:47.688002,zyte,reuters_news,https://www.reuters.com/,12,0,6.5,False
2026-07-01T12:23:48.198374,zyte,reuters_news,https://www.reuters.com/,13,0,7.3,False
2026-07-01T12:23:48.704679,zyte,reuters_news,https://www.reuters.com/,14,0,11.8,False
2026-07-01T12:23:49.203119,zyte,reuters_news,https://www.reuters.com/,15,0,5.7,False
2026-07-01T12:23:49.717626,zyte,reuters_news,https://www.reuters.com/,16,0,10.0,False
2026-07-01T12:23:50.224854,zyte,reuters_news,https://www.reuters.com/,17,0,8.8,False
2026-07-01T12:23:50.725050,zyte,reuters_news,https://www.reuters.com/,18,0,7.4,False
2026-07-01T12:23:51.236076,zyte,reuters_news,https://www.reuters.com/,19,0,5.8,False
2026-07-01T12:23:51.741528,zyte,reuters_news,https://www.reuters.com/,20,0,6.8,False
2026-07-01T12:23:52.252487,zyte,reuters_news,https://www.reuters.com/,21,0,7.6,False
2026-07-01T12:23:52.760829,zyte,reuters_news,https://www.reuters.com/,22,0,6.8,False
2026-07-01T12:23:53.271800,zyte,reuters_news,https://www.reuters.com/,23,0,7.7,False
2026-07-01T12:23:53.778298,zyte,reuters_news,https://www.reuters.com/,24,0,7.0,False
2026-07-01T12:23:54.282448,zyte,reuters_news,https://www.reuters.com/,25,0,7.0,False
2026-07-01T12:23:54.792393,zyte,reuters_news,https://www.reuters.com/,26,0,8.8,False
2026-07-01T12:23:55.304114,zyte,reuters_news,https://www.reuters.com/,27,0,7.6,False
2026-07-01T12:23:55.809511,zyte,reuters_news,https://www.reuters.com/,28,0,8.3,False
2026-07-01T12:23:56.315170,zyte,reuters_news,https://www.reuters.com/,29,0,7.4,False
2026-07-01T12:23:56.822010,zyte,reuters_news,https://www.reuters.com/,30,0,5.9,False
2026-07-01T12:23:57.332863,zyte,reuters_news,https://www.reuters.com/,31,0,6.7,False
2026-07-01T12:23:57.836345,zyte,reuters_news,https://www.reuters.com/,32,0,9.0,False
2026-07-01T12:23:58.346146,zyte,reuters_news,https://www.reuters.com/,33,0,6.9,False
2026-07-01T12:23:58.856556,zyte,reuters_news,https://www.reuters.com/,34,0,7.2,False
2026-07-01T12:23:59.369842,zyte,reuters_news,https://www.reuters.com/,35,0,11.3,False
2026-07-01T12:23:59.874260,zyte,reuters_news,https://www.reuters.com/,36,0,6.7,False
2026-07-01T12:24:00.382513,zyte,reuters_news,https://www.reuters.com/,37,0,7.4,False
2026-07-01T12:24:00.891845,zyte,reuters_news,https://www.reuters.com/,38,0,8.2,False
2026-07-01T12:24:01.391133,zyte,reuters_news,https://www.reuters.com/,39,0,6.4,False
2026-07-01T12:24:01.896983,zyte,reuters_news,https://www.reuters.com/,40,0,5.9,False
2026-07-01T12:24:02.407930,zyte,reuters_news,https://www.reuters.com/,41,0,6.8,False
2026-07-01T12:24:02.917331,zyte,reuters_news,https://www.reuters.com/,42,0,6.1,False
2026-07-01T12:24:03.433435,zyte,reuters_news,https://www.reuters.com/,43,0,12.1,False
2026-07-01T12:24:03.930092,zyte,reuters_news,https://www.reuters.com/,44,0,6.7,False
2026-07-01T12:24:04.440673,zyte,reuters_news,https://www.reuters.com/,45,0,7.1,False
2026-07-01T12:24:04.947503,zyte,reuters_news,https://www.reuters.com/,46,0,5.6,False
2026-07-01T12:24:05.458452,zyte,reuters_news,https://www.reuters.com/,47,0,6.4,False
2026-07-01T12:24:05.965873,zyte,reuters_news,https://www.reuters.com/,48,0,7.3,False
2026-07-01T12:24:06.465579,zyte,reuters_news,https://www.reuters.com/,49,0,6.3,False
2026-07-01T12:24:06.972867,zyte,reuters_news,https://www.reuters.com/,50,0,6.7,False
2026-07-01T12:24:07.483926,zyte,reuters_news,https://www.reuters.com/,51,0,6.9,False
2026-07-01T12:24:07.995721,zyte,reuters_news,https://www.reuters.com/,52,0,8.5,False
2026-07-01T12:24:08.498607,zyte,reuters_news,https://www.reuters.com/,53,0,6.1,False
2026-07-01T12:24:08.999400,zyte,reuters_news,https://www.reuters.com/,54,0,6.6,False
2026-07-01T12:24:09.509786,zyte,reuters_news,https://www.reuters.com/,55,0,6.9,False
2026-07-01T12:24:10.024684,zyte,reuters_news,https://www.reuters.com/,56,0,11.1,False
2026-07-01T12:24:10.527218,zyte,reuters_news,https://www.reuters.com/,57,0,7.1,False
2026-07-01T12:24:11.036330,zyte,reuters_news,https://www.reuters.com/,58,0,8.7,False
2026-07-01T12:24:11.534946,zyte,reuters_news,https://www.reuters.com/,59,0,6.6,False
2026-07-01T12:24:12.041788,zyte,reuters_news,https://www.reuters.com/,60,0,11.2,False
2026-07-01T12:24:12.543852,zyte,reuters_news,https://www.reuters.com/,61,0,3.5,False
2026-07-01T12:24:13.058008,zyte,reuters_news,https://www.reuters.com/,62,0,7.5,False
2026-07-01T12:24:13.565944,zyte,reuters_news,https://www.reuters.com/,63,0,6.5,False
2026-07-01T12:24:14.074578,zyte,reuters_news,https://www.reuters.com/,64,0,7.1,False
2026-07-01T12:24:14.582854,zyte,reuters_news,https://www.reuters.com/,65,0,7.0,False
2026-07-01T12:24:15.096374,zyte,reuters_news,https://www.reuters.com/,66,0,15.2,False
2026-07-01T12:24:15.586886,zyte,reuters_news,https://www.reuters.com/,67,0,3.7,False
2026-07-01T12:24:16.100390,zyte,reuters_news,https://www.reuters.com/,68,0,9.5,False
2026-07-01T12:24:16.601083,zyte,reuters_news,https://www.reuters.com/,69,0,8.0,False
2026-07-01T12:24:17.110162,zyte,reuters_news,https://www.reuters.com/,70,0,7.1,False
2026-07-01T12:24:17.617674,zyte,reuters_news,https://www.reuters.com/,71,0,11.0,False
2026-07-01T12:24:18.123685,zyte,reuters_news,https://www.reuters.com/,72,0,7.0,False
2026-07-01T12:24:18.632813,zyte,reuters_news,https://www.reuters.com/,73,0,6.1,False
2026-07-01T12:24:19.135774,zyte,reuters_news,https://www.reuters.com/,74,0,5.5,False
2026-07-01T12:24:19.639040,zyte,reuters_news,https://www.reuters.com/,75,0,6.4,False
2026-07-01T12:24:20.148606,zyte,reuters_news,https://www.reuters.com/,76,0,7.5,False
2026-07-01T12:24:20.669215,zyte,reuters_news,https://www.reuters.com/,77,0,18.1,False
2026-07-01T12:24:21.160502,zyte,reuters_news,https://www.reuters.com/,78,0,7.4,False
2026-07-01T12:24:21.672289,zyte,reuters_news,https://www.reuters.com/,79,0,9.2,False
2026-07-01T12:24:22.177873,zyte,reuters_news,https://www.reuters.com/,80,0,6.3,False
2026-07-01T12:24:22.688113,zyte,reuters_news,https://www.reuters.com/,81,0,6.5,False
2026-07-01T12:24:23.192507,zyte,reuters_news,https://www.reuters.com/,82,0,2.9,False
2026-07-01T12:24:23.698206,zyte,reuters_news,https://www.reuters.com/,83,0,6.6,False
2026-07-01T12:24:24.203106,zyte,reuters_news,https://www.reuters.com/,84,0,4.9,False
2026-07-01T12:24:24.714054,zyte,reuters_news,https://www.reuters.com/,85,0,6.2,False
2026-07-01T12:24:25.224327,zyte,reuters_news,https://www.reuters.com/,86,0,8.1,False
2026-07-01T12:24:25.728351,zyte,reuters_news,https://www.reuters.com/,87,0,8.0,False
2026-07-01T12:24:26.232653,zyte,reuters_news,https://www.reuters.com/,88,0,3.3,False
2026-07-01T12:24:26.747340,zyte,reuters_news,https://www.reuters.com/,89,0,7.8,False
2026-07-01T12:24:27.255997,zyte,reuters_news,https://www.reuters.com/,90,0,6.3,False
2026-07-01T12:24:27.757997,zyte,reuters_news,https://www.reuters.com/,91,0,6.2,False
2026-07-01T12:24:28.272653,zyte,reuters_news,https://www.reuters.com/,92,0,10.8,False
2026-07-01T12:24:28.776772,zyte,reuters_news,https://www.reuters.com/,93,0,5.9,False
2026-07-01T12:24:29.288047,zyte,reuters_news,https://www.reuters.com/,94,0,7.1,False
2026-07-01T12:24:29.792994,zyte,reuters_news,https://www.reuters.com/,95,0,11.0,False
2026-07-01T12:24:30.302026,zyte,reuters_news,https://www.reuters.com/,96,0,7.2,False
2026-07-01T12:24:30.813362,zyte,reuters_news,https://www.reuters.com/,97,0,11.0,False
2026-07-01T12:24:31.324008,zyte,reuters_news,https://www.reuters.com/,98,0,11.5,False
2026-07-01T12:24:31.827888,zyte,reuters_news,https://www.reuters.com/,99,0,8.0,False
2026-07-01T12:24:32.339449,zyte,reuters_news,https://www.reuters.com/,100,0,10.1,False
2026-07-01T12:24:32.848249,zenrows,python_docs,https://docs.python.org/3/,1,0,10.1,False
2026-07-01T12:24:33.353161,zenrows,python_docs,https://docs.python.org/3/,2,0,7.4,False
2026-07-01T12:24:33.861335,zenrows,python_docs,https://docs.python.org/3/,3,0,6.9,False
2026-07-01T12:24:34.375435,zenrows,python_docs,https://docs.python.org/3/,4,0,10.9,False
2026-07-01T12:24:34.876707,zenrows,python_docs,https://docs.python.org/3/,5,0,6.4,False
2026-07-01T12:24:35.381380,zenrows,python_docs,https://docs.python.org/3/,6,0,6.2,False
2026-07-01T12:24:35.890129,zenrows,python_docs,https://docs.python.org/3/,7,0,7.3,False
2026-07-01T12:24:36.391701,zenrows,python_docs,https://docs.python.org/3/,8,0,7.3,False
2026-07-01T12:24:36.902662,zenrows,python_docs,https://docs.python.org/3/,9,0,8.1,False
2026-07-01T12:24:37.410761,zenrows,python_docs,https://docs.python.org/3/,10,0,7.6,False
2026-07-01T12:24:37.922791,zenrows,python_docs,https://docs.python.org/3/,11,0,9.6,False
2026-07-01T12:24:38.430217,zenrows,python_docs,https://docs.python.org/3/,12,0,6.9,False
2026-07-01T12:24:38.933407,zenrows,python_docs,https://docs.python.org/3/,13,0,7.6,False
2026-07-01T12:24:39.440127,zenrows,python_docs,https://docs.python.org/3/,14,0,7.5,False
2026-07-01T12:24:39.949490,zenrows,python_docs,https://docs.python.org/3/,15,0,7.9,False
2026-07-01T12:24:40.463282,zenrows,python_docs,https://docs.python.org/3/,16,0,11.5,False
2026-07-01T12:24:40.959396,zenrows,python_docs,https://docs.python.org/3/,17,0,5.3,False
2026-07-01T12:24:41.462343,zenrows,python_docs,https://docs.python.org/3/,18,0,4.7,False
2026-07-01T12:24:41.965077,zenrows,python_docs,https://docs.python.org/3/,19,0,6.9,False
2026-07-01T12:24:42.472262,zenrows,python_docs,https://docs.python.org/3/,20,0,6.1,False
2026-07-01T12:24:42.982478,zenrows,python_docs,https://docs.python.org/3/,21,0,7.9,False
2026-07-01T12:24:43.487524,zenrows,python_docs,https://docs.python.org/3/,22,0,3.1,False
2026-07-01T12:24:43.994794,zenrows,python_docs,https://docs.python.org/3/,23,0,10.1,False
2026-07-01T12:24:44.500312,zenrows,python_docs,https://docs.python.org/3/,24,0,7.6,False
2026-07-01T12:24:45.008888,zenrows,python_docs,https://docs.python.org/3/,25,0,7.3,False
2026-07-01T12:24:45.517034,zenrows,python_docs,https://docs.python.org/3/,26,0,5.4,False
2026-07-01T12:24:46.023094,zenrows,python_docs,https://docs.python.org/3/,27,0,8.2,False
2026-07-01T12:24:46.525611,zenrows,python_docs,https://docs.python.org/3/,28,0,7.2,False
2026-07-01T12:24:47.028826,zenrows,python_docs,https://docs.python.org/3/,29,0,7.8,False
2026-07-01T12:24:47.534057,zenrows,python_docs,https://docs.python.org/3/,30,0,4.0,False
2026-07-01T12:24:48.044139,zenrows,python_docs,https://docs.python.org/3/,31,0,7.1,False
2026-07-01T12:24:48.554411,zenrows,python_docs,https://docs.python.org/3/,32,0,6.5,False
2026-07-01T12:24:49.068466,zenrows,python_docs,https://docs.python.org/3/,33,0,10.3,False
2026-07-01T12:24:49.582375,zenrows,python_docs,https://docs.python.org/3/,34,0,14.2,False
2026-07-01T12:24:50.085634,zenrows,python_docs,https://docs.python.org/3/,35,0,7.3,False
2026-07-01T12:24:50.594619,zenrows,python_docs,https://docs.python.org/3/,36,0,7.0,False
2026-07-01T12:24:51.104303,zenrows,python_docs,https://docs.python.org/3/,37,0,6.2,False
2026-07-01T12:24:51.607297,zenrows,python_docs,https://docs.python.org/3/,38,0,6.2,False
2026-07-01T12:24:52.113067,zenrows,python_docs,https://docs.python.org/3/,39,0,8.8,False
2026-07-01T12:24:52.618791,zenrows,python_docs,https://docs.python.org/3/,40,0,6.2,False
2026-07-01T12:24:53.132002,zenrows,python_docs,https://docs.python.org/3/,41,0,11.0,False
2026-07-01T12:24:53.632935,zenrows,python_docs,https://docs.python.org/3/,42,0,6.8,False
2026-07-01T12:24:54.143254,zenrows,python_docs,https://docs.python.org/3/,43,0,7.6,False
2026-07-01T12:24:54.658014,zenrows,python_docs,https://docs.python.org/3/,44,0,12.2,False
2026-07-01T12:24:55.161273,zenrows,python_docs,https://docs.python.org/3/,45,0,7.9,False
2026-07-01T12:24:55.672208,zenrows,python_docs,https://docs.python.org/3/,46,0,6.1,False
2026-07-01T12:24:56.174929,zenrows,python_docs,https://docs.python.org/3/,47,0,7.0,False
2026-07-01T12:24:56.689112,zenrows,python_docs,https://docs.python.org/3/,48,0,11.1,False
2026-07-01T12:24:57.185711,zenrows,python_docs,https://docs.python.org/3/,49,0,5.6,False
2026-07-01T12:24:57.695745,zenrows,python_docs,https://docs.python.org/3/,50,0,7.3,False
2026-07-01T12:24:58.206219,zenrows,python_docs,https://docs.python.org/3/,51,0,7.7,False
2026-07-01T12:24:58.712791,zenrows,python_docs,https://docs.python.org/3/,52,0,9.5,False
2026-07-01T12:24:59.243068,zenrows,python_docs,https://docs.python.org/3/,53,0,30.9,False
2026-07-01T12:24:59.729859,zenrows,python_docs,https://docs.python.org/3/,54,0,12.2,False
2026-07-01T12:25:00.234576,zenrows,python_docs,https://docs.python.org/3/,55,0,10.0,False
2026-07-01T12:25:00.731204,zenrows,python_docs,https://docs.python.org/3/,56,0,6.5,False
2026-07-01T12:25:01.239784,zenrows,python_docs,https://docs.python.org/3/,57,0,8.3,False
2026-07-01T12:25:01.747890,zenrows,python_docs,https://docs.python.org/3/,58,0,6.6,False
2026-07-01T12:25:02.254910,zenrows,python_docs,https://docs.python.org/3/,59,0,8.1,False
2026-07-01T12:25:02.764304,zenrows,python_docs,https://docs.python.org/3/,60,0,7.4,False
2026-07-01T12:25:03.276487,zenrows,python_docs,https://docs.python.org/3/,61,0,9.5,False
2026-07-01T12:25:03.785172,zenrows,python_docs,https://docs.python.org/3/,62,0,7.3,False
2026-07-01T12:25:04.295123,zenrows,python_docs,https://docs.python.org/3/,63,0,7.2,False
2026-07-01T12:25:04.800090,zenrows,python_docs,https://docs.python.org/3/,64,0,7.3,False
2026-07-01T12:25:05.312095,zenrows,python_docs,https://docs.python.org/3/,65,0,7.0,False
2026-07-01T12:25:05.815986,zenrows,python_docs,https://docs.python.org/3/,66,0,6.4,False
2026-07-01T12:25:06.330783,zenrows,python_docs,https://docs.python.org/3/,67,0,11.1,False
2026-07-01T12:25:06.834167,zenrows,python_docs,https://docs.python.org/3/,68,0,7.9,False
2026-07-01T12:25:07.334152,zenrows,python_docs,https://docs.python.org/3/,69,0,7.0,False
2026-07-01T12:25:07.844248,zenrows,python_docs,https://docs.python.org/3/,70,0,7.0,False
2026-07-01T12:25:08.354093,zenrows,python_docs,https://docs.python.org/3/,71,0,6.8,False
2026-07-01T12:25:08.861429,zenrows,python_docs,https://docs.python.org/3/,72,0,6.2,False
2026-07-01T12:25:09.373973,zenrows,python_docs,https://docs.python.org/3/,73,0,11.3,False
2026-07-01T12:25:09.879663,zenrows,python_docs,https://docs.python.org/3/,74,0,6.6,False
2026-07-01T12:25:10.429167,zenrows,python_docs,https://docs.python.org/3/,75,0,46.2,False
2026-07-01T12:25:10.898642,zenrows,python_docs,https://docs.python.org/3/,76,0,6.8,False
2026-07-01T12:25:11.401532,zenrows,python_docs,https://docs.python.org/3/,77,0,6.1,False
2026-07-01T12:25:11.912285,zenrows,python_docs,https://docs.python.org/3/,78,0,6.8,False
2026-07-01T12:25:12.409975,zenrows,python_docs,https://docs.python.org/3/,79,0,4.2,False
2026-07-01T12:25:12.916417,zenrows,python_docs,https://docs.python.org/3/,80,0,5.6,False
2026-07-01T12:25:13.420492,zenrows,python_docs,https://docs.python.org/3/,81,0,7.4,False
2026-07-01T12:25:13.923073,zenrows,python_docs,https://docs.python.org/3/,82,0,6.2,False
2026-07-01T12:25:14.422775,zenrows,python_docs,https://docs.python.org/3/,83,0,3.9,False
2026-07-01T12:25:14.930235,zenrows,python_docs,https://docs.python.org/3/,84,0,6.3,False
2026-07-01T12:25:15.431236,zenrows,python_docs,https://docs.python.org/3/,85,0,6.1,False
2026-07-01T12:25:15.932895,zenrows,python_docs,https://docs.python.org/3/,86,0,6.5,False
2026-07-01T12:25:16.436782,zenrows,python_docs,https://docs.python.org/3/,87,0,7.0,False
2026-07-01T12:25:16.941935,zenrows,python_docs,https://docs.python.org/3/,88,0,7.1,False
2026-07-01T12:25:17.452757,zenrows,python_docs,https://docs.python.org/3/,89,0,14.6,False
2026-07-01T12:25:17.953671,zenrows,python_docs,https://docs.python.org/3/,90,0,11.6,False
2026-07-01T12:25:18.451097,zenrows,python_docs,https://docs.python.org/3/,91,0,8.9,False
2026-07-01T12:25:18.950527,zenrows,python_docs,https://docs.python.org/3/,92,0,8.0,False
2026-07-01T12:25:19.454119,zenrows,python_docs,https://docs.python.org/3/,93,0,6.4,False
2026-07-01T12:25:19.960143,zenrows,python_docs,https://docs.python.org/3/,94,0,7.4,False
2026-07-01T12:25:20.465355,zenrows,python_docs,https://docs.python.org/3/,95,0,7.5,False
2026-07-01T12:25:20.970226,zenrows,python_docs,https://docs.python.org/3/,96,0,6.5,False
2026-07-01T12:25:21.474641,zenrows,python_docs,https://docs.python.org/3/,97,0,6.1,False
2026-07-01T12:25:21.985737,zenrows,python_docs,https://docs.python.org/3/,98,0,13.9,False
2026-07-01T12:25:22.484933,zenrows,python_docs,https://docs.python.org/3/,99,0,8.0,False
2026-07-01T12:25:22.985448,zenrows,python_docs,https://docs.python.org/3/,100,0,3.5,False
2026-07-01T12:25:23.493687,zyte,python_docs,https://docs.python.org/3/,1,0,9.6,False
2026-07-01T12:25:23.990983,zyte,python_docs,https://docs.python.org/3/,2,0,7.0,False
2026-07-01T12:25:24.496101,zyte,python_docs,https://docs.python.org/3/,3,0,7.0,False
2026-07-01T12:25:25.000822,zyte,python_docs,https://docs.python.org/3/,4,0,6.9,False
2026-07-01T12:25:25.506773,zyte,python_docs,https://docs.python.org/3/,5,0,7.8,False
2026-07-01T12:25:26.010095,zyte,python_docs,https://docs.python.org/3/,6,0,6.0,False
2026-07-01T12:25:26.513412,zyte,python_docs,https://docs.python.org/3/,7,0,6.1,False
2026-07-01T12:25:27.018981,zyte,python_docs,https://docs.python.org/3/,8,0,6.6,False
2026-07-01T12:25:27.524592,zyte,python_docs,https://docs.python.org/3/,9,0,7.7,False
2026-07-01T12:25:28.026497,zyte,python_docs,https://docs.python.org/3/,10,0,8.4,False
2026-07-01T12:25:28.529605,zyte,python_docs,https://docs.python.org/3/,11,0,6.4,False
2026-07-01T12:25:29.034333,zyte,python_docs,https://docs.python.org/3/,12,0,6.6,False
2026-07-01T12:25:29.540928,zyte,python_docs,https://docs.python.org/3/,13,0,6.0,False
2026-07-01T12:25:30.051456,zyte,python_docs,https://docs.python.org/3/,14,0,11.4,False
2026-07-01T12:25:30.551194,zyte,python_docs,https://docs.python.org/3/,15,0,6.0,False
2026-07-01T12:25:31.052636,zyte,python_docs,https://docs.python.org/3/,16,0,6.8,False
2026-07-01T12:25:31.558301,zyte,python_docs,https://docs.python.org/3/,17,0,6.6,False
2026-07-01T12:25:32.062904,zyte,python_docs,https://docs.python.org/3/,18,0,7.2,False
2026-07-01T12:25:32.568526,zyte,python_docs,https://docs.python.org/3/,19,0,7.8,False
2026-07-01T12:25:33.070181,zyte,python_docs,https://docs.python.org/3/,20,0,6.4,False
2026-07-01T12:25:33.576675,zyte,python_docs,https://docs.python.org/3/,21,0,7.8,False
2026-07-01T12:25:34.078199,zyte,python_docs,https://docs.python.org/3/,22,0,6.1,False
2026-07-01T12:25:34.580489,zyte,python_docs,https://docs.python.org/3/,23,0,6.8,False
2026-07-01T12:25:35.085784,zyte,python_docs,https://docs.python.org/3/,24,0,7.0,False
2026-07-01T12:25:35.601324,zyte,python_docs,https://docs.python.org/3/,25,0,17.6,False
2026-07-01T12:25:36.091841,zyte,python_docs,https://docs.python.org/3/,26,0,6.2,False
2026-07-01T12:25:36.595276,zyte,python_docs,https://docs.python.org/3/,27,0,7.0,False
2026-07-01T12:25:37.100528,zyte,python_docs,https://docs.python.org/3/,28,0,7.6,False
2026-07-01T12:25:37.605208,zyte,python_docs,https://docs.python.org/3/,29,0,7.2,False
2026-07-01T12:25:38.110437,zyte,python_docs,https://docs.python.org/3/,30,0,7.3,False
2026-07-01T12:25:38.617427,zyte,python_docs,https://docs.python.org/3/,31,0,9.2,False
2026-07-01T12:25:39.119676,zyte,python_docs,https://docs.python.org/3/,32,0,6.4,False
2026-07-01T12:25:39.625080,zyte,python_docs,https://docs.python.org/3/,33,0,8.1,False
2026-07-01T12:25:40.130385,zyte,python_docs,https://docs.python.org/3/,34,0,8.8,False
2026-07-01T12:25:40.634367,zyte,python_docs,https://docs.python.org/3/,35,0,7.7,False
2026-07-01T12:25:41.136649,zyte,python_docs,https://docs.python.org/3/,36,0,5.9,False
2026-07-01T12:25:41.644610,zyte,python_docs,https://docs.python.org/3/,37,0,8.8,False
2026-07-01T12:25:42.144435,zyte,python_docs,https://docs.python.org/3/,38,0,7.0,False
2026-07-01T12:25:42.647424,zyte,python_docs,https://docs.python.org/3/,39,0,6.9,False
2026-07-01T12:25:43.153711,zyte,python_docs,https://docs.python.org/3/,40,0,8.1,False
2026-07-01T12:25:43.656322,zyte,python_docs,https://docs.python.org/3/,41,0,6.5,False
2026-07-01T12:25:44.162594,zyte,python_docs,https://docs.python.org/3/,42,0,7.5,False
2026-07-01T12:25:44.664300,zyte,python_docs,https://docs.python.org/3/,43,0,4.2,False
2026-07-01T12:25:45.168557,zyte,python_docs,https://docs.python.org/3/,44,0,4.1,False
2026-07-01T12:25:45.675332,zyte,python_docs,https://docs.python.org/3/,45,0,8.9,False
2026-07-01T12:25:46.182763,zyte,python_docs,https://docs.python.org/3/,46,0,7.0,False
2026-07-01T12:25:46.686820,zyte,python_docs,https://docs.python.org/3/,47,0,6.0,False
2026-07-01T12:25:47.196466,zyte,python_docs,https://docs.python.org/3/,48,0,10.5,False
2026-07-01T12:25:47.695944,zyte,python_docs,https://docs.python.org/3/,49,0,9.4,False
2026-07-01T12:25:48.196765,zyte,python_docs,https://docs.python.org/3/,50,0,5.1,False
2026-07-01T12:25:48.703343,zyte,python_docs,https://docs.python.org/3/,51,0,6.6,False
2026-07-01T12:25:49.205674,zyte,python_docs,https://docs.python.org/3/,52,0,3.9,False
2026-07-01T12:25:49.716827,zyte,python_docs,https://docs.python.org/3/,53,0,6.5,False
2026-07-01T12:25:50.219166,zyte,python_docs,https://docs.python.org/3/,54,0,7.2,False
2026-07-01T12:25:50.723242,zyte,python_docs,https://docs.python.org/3/,55,0,6.2,False
2026-07-01T12:25:51.231276,zyte,python_docs,https://docs.python.org/3/,56,0,5.7,False
2026-07-01T12:25:51.742137,zyte,python_docs,https://docs.python.org/3/,57,0,5.9,False
2026-07-01T12:25:52.242168,zyte,python_docs,https://docs.python.org/3/,58,0,6.5,False
2026-07-01T12:25:52.746694,zyte,python_docs,https://docs.python.org/3/,59,0,7.2,False
2026-07-01T12:25:53.250930,zyte,python_docs,https://docs.python.org/3/,60,0,6.5,False
2026-07-01T12:25:53.753346,zyte,python_docs,https://docs.python.org/3/,61,0,3.9,False
2026-07-01T12:25:54.265826,zyte,python_docs,https://docs.python.org/3/,62,0,8.7,False
2026-07-01T12:25:54.766651,zyte,python_docs,https://docs.python.org/3/,63,0,7.9,False
2026-07-01T12:25:55.274095,zyte,python_docs,https://docs.python.org/3/,64,0,4.8,False
2026-07-01T12:25:55.776184,zyte,python_docs,https://docs.python.org/3/,65,0,11.8,False
2026-07-01T12:25:56.281406,zyte,python_docs,https://docs.python.org/3/,66,0,12.0,False
2026-07-01T12:25:56.777694,zyte,python_docs,https://docs.python.org/3/,67,0,7.1,False
2026-07-01T12:25:57.275824,zyte,python_docs,https://docs.python.org/3/,68,0,4.7,False
2026-07-01T12:25:57.786175,zyte,python_docs,https://docs.python.org/3/,69,0,10.1,False
2026-07-01T12:25:58.294115,zyte,python_docs,https://docs.python.org/3/,70,0,13.1,False
2026-07-01T12:26:02.729948,zyte,python_docs,https://docs.python.org/3/,71,200,3995.9,True
2026-07-01T12:26:07.531069,zyte,python_docs,https://docs.python.org/3/,72,200,4781.3,True
2026-07-01T12:26:09.118066,zyte,python_docs,https://docs.python.org/3/,73,200,1573.0,True
2026-07-01T12:26:11.048352,zyte,python_docs,https://docs.python.org/3/,74,200,1917.5,True
2026-07-01T12:26:12.600069,zyte,python_docs,https://docs.python.org/3/,75,200,1522.4,True
2026-07-01T12:26:14.849516,zyte,python_docs,https://docs.python.org/3/,76,200,2226.9,True
2026-07-01T12:26:18.585735,zyte,python_docs,https://docs.python.org/3/,77,200,3713.4,True
2026-07-01T12:26:20.345352,zyte,python_docs,https://docs.python.org/3/,78,200,1736.7,True
2026-07-01T12:26:22.543720,zyte,python_docs,https://docs.python.org/3/,79,200,2175.2,True
2026-07-01T12:26:24.848112,zyte,python_docs,https://docs.python.org/3/,80,200,2279.0,True
2026-07-01T12:26:27.479245,zyte,python_docs,https://docs.python.org/3/,81,200,2596.2,True
2026-07-01T12:26:29.730317,zyte,python_docs,https://docs.python.org/3/,82,200,2226.2,True
2026-07-01T12:26:31.882159,zyte,python_docs,https://docs.python.org/3/,83,200,2128.1,True
2026-07-01T12:26:34.246714,zyte,python_docs,https://docs.python.org/3/,84,200,2351.0,True
2026-07-01T12:26:52.086213,zyte,python_docs,https://docs.python.org/3/,85,200,17818.6,True
2026-07-01T12:26:56.744380,zyte,python_docs,https://docs.python.org/3/,86,200,4645.2,True
2026-07-01T12:26:58.912510,zyte,python_docs,https://docs.python.org/3/,87,200,2145.6,True
2026-07-01T12:27:00.599206,zyte,python_docs,https://docs.python.org/3/,88,200,1663.3,True
2026-07-01T12:27:02.166814,zyte,python_docs,https://docs.python.org/3/,89,200,1547.4,True
2026-07-01T12:27:15.933072,zyte,python_docs,https://docs.python.org/3/,90,200,13746.9,True
2026-07-01T12:27:25.306761,zyte,python_docs,https://docs.python.org/3/,91,200,9358.5,True
2026-07-01T12:27:28.412605,zyte,python_docs,https://docs.python.org/3/,92,200,3085.5,True
2026-07-01T12:27:30.953026,zyte,python_docs,https://docs.python.org/3/,93,200,2517.7,True
2026-07-01T12:27:36.033535,zyte,python_docs,https://docs.python.org/3/,94,200,5071.5,True
2026-07-01T12:27:42.808453,zyte,python_docs,https://docs.python.org/3/,95,200,6745.3,True
2026-07-01T12:27:45.673361,zyte,python_docs,https://docs.python.org/3/,96,200,2841.4,True
2026-07-01T12:27:51.236360,zyte,python_docs,https://docs.python.org/3/,97,200,5548.1,True
2026-07-01T12:27:54.763038,zyte,python_docs,https://docs.python.org/3/,98,200,3504.7,True
2026-07-01T12:28:12.264821,zyte,python_docs,https://docs.python.org/3/,99,200,17457.7,True
2026-07-01T12:28:23.299809,zyte,python_docs,https://docs.python.org/3/,100,200,11011.1,True
2026-07-01T12:28:42.786585,zenrows,linkedin_profile,https://www.linkedin.com/in/hamna-ghufran/,1,200,19355.7,True
2026-07-01T12:29:02.391984,zenrows,linkedin_profile,https://www.linkedin.com/in/hamna-ghufran/,2,200,19464.6,True
2026-07-01T12:30:03.411918,zenrows,linkedin_profile,https://www.linkedin.com/in/hamna-ghufran/,3,0,61018.8,False
2026-07-01T12:30:50.774565,zenrows,linkedin_profile,https://www.linkedin.com/in/hamna-ghufran/,4,200,47223.1,True
2026-07-01T12:31:10.337486,zenrows,linkedin_profile,https://www.linkedin.com/in/hamna-ghufran/,5,200,19435.1,True
2026-07-01T12:32:11.238256,zenrows,linkedin_profile,https://www.linkedin.com/in/hamna-ghufran/,6,0,60900.1,False
2026-07-01T12:32:55.255076,zenrows,linkedin_profile,https://www.linkedin.com/in/hamna-ghufran/,7,200,43923.9,True
2026-07-01T12:33:49.539282,zenrows,linkedin_profile,https://www.linkedin.com/in/hamna-ghufran/,8,200,54148.8,True
2026-07-01T12:34:32.616299,zenrows,linkedin_profile,https://www.linkedin.com/in/hamna-ghufran/,9,200,42939.0,True
2026-07-01T12:35:08.422226,zenrows,linkedin_profile,https://www.linkedin.com/in/hamna-ghufran/,10,200,35741.0,True
2026-07-01T12:35:37.232011,zenrows,linkedin_profile,https://www.linkedin.com/in/hamna-ghufran/,11,200,28688.9,True
2026-07-01T12:36:37.982414,zenrows,linkedin_profile,https://www.linkedin.com/in/hamna-ghufran/,12,200,60597.1,True
2026-07-01T12:37:01.086409,zenrows,linkedin_profile,https://www.linkedin.com/in/hamna-ghufran/,13,200,23015.9,True
2026-07-01T12:37:47.949826,zenrows,linkedin_profile,https://www.linkedin.com/in/hamna-ghufran/,14,200,46713.7,True
2026-07-01T12:38:48.932561,zenrows,linkedin_profile,https://www.linkedin.com/in/hamna-ghufran/,15,200,60918.7,True
2026-07-01T12:39:40.767324,zenrows,linkedin_profile,https://www.linkedin.com/in/hamna-ghufran/,16,200,51629.0,True
2026-07-01T12:40:01.047292,zenrows,linkedin_profile,https://www.linkedin.com/in/hamna-ghufran/,17,200,20211.6,True
2026-07-01T12:41:03.938229,zenrows,linkedin_profile,https://www.linkedin.com/in/hamna-ghufran/,18,0,62951.2,False
2026-07-01T12:42:05.022546,zenrows,linkedin_profile,https://www.linkedin.com/in/hamna-ghufran/,19,0,61084.0,False
2026-07-01T12:43:06.066634,zenrows,linkedin_profile,https://www.linkedin.com/in/hamna-ghufran/,20,0,61043.8,False
2026-07-01T12:43:33.682003,zenrows,linkedin_profile,https://www.linkedin.com/in/hamna-ghufran/,21,200,27479.8,True
2026-07-01T12:44:35.671812,zenrows,linkedin_profile,https://www.linkedin.com/in/hamna-ghufran/,22,0,61989.6,False
2026-07-01T12:45:38.082369,zenrows,linkedin_profile,https://www.linkedin.com/in/hamna-ghufran/,23,0,62410.4,False
2026-07-01T12:46:38.953072,zenrows,linkedin_profile,https://www.linkedin.com/in/hamna-ghufran/,24,0,60870.6,False
2026-07-01T12:47:40.285096,zenrows,linkedin_profile,https://www.linkedin.com/in/hamna-ghufran/,25,200,61175.5,True
2026-07-01T12:48:42.647027,zenrows,linkedin_profile,https://www.linkedin.com/in/hamna-ghufran/,26,0,62444.2,False
2026-07-01T12:49:58.911505,zenrows,linkedin_profile,https://www.linkedin.com/in/hamna-ghufran/,27,200,49056.7,True
2026-07-01T12:51:00.121095,zenrows,linkedin_profile,https://www.linkedin.com/in/hamna-ghufran/,28,0,61210.2,False
2026-07-01T12:52:01.430014,zenrows,linkedin_profile,https://www.linkedin.com/in/hamna-ghufran/,29,0,61309.7,False
2026-07-01T12:52:44.656121,zenrows,linkedin_profile,https://www.linkedin.com/in/hamna-ghufran/,30,200,37962.4,True
2026-07-01T12:53:30.096739,zenrows,linkedin_profile,https://www.linkedin.com/in/hamna-ghufran/,31,200,45280.3,True
2026-07-01T12:54:17.374350,zenrows,linkedin_profile,https://www.linkedin.com/in/hamna-ghufran/,32,200,47139.6,True
2026-07-01T12:55:18.296503,zenrows,linkedin_profile,https://www.linkedin.com/in/hamna-ghufran/,33,0,60916.0,False
2026-07-01T12:56:19.985314,zenrows,linkedin_profile,https://www.linkedin.com/in/hamna-ghufran/,34,0,61684.0,False
2026-07-01T12:57:18.516842,zenrows,linkedin_profile,https://www.linkedin.com/in/hamna-ghufran/,35,200,42637.5,True
2026-07-01T12:58:19.596157,zenrows,linkedin_profile,https://www.linkedin.com/in/hamna-ghufran/,36,0,61079.5,False
2026-07-01T12:59:19.625645,zenrows,linkedin_profile,https://www.linkedin.com/in/hamna-ghufran/,37,0,60029.7,False
2026-07-01T13:00:19.641523,zenrows,linkedin_profile,https://www.linkedin.com/in/hamna-ghufran/,38,0,60016.6,False
2026-07-01T13:01:19.657558,zenrows,linkedin_profile,https://www.linkedin.com/in/hamna-ghufran/,39,0,60016.6,False
2026-07-01T13:02:19.688279,zenrows,linkedin_profile,https://www.linkedin.com/in/hamna-ghufran/,40,0,60031.2,False
2026-07-01T13:03:07.828698,zenrows,linkedin_profile,https://www.linkedin.com/in/hamna-ghufran/,41,0,48140.5,False
2026-07-01T13:03:07.852039,zenrows,linkedin_profile,https://www.linkedin.com/in/hamna-ghufran/,42,0,22.3,False
2026-07-01T13:03:08.338555,zenrows,linkedin_profile,https://www.linkedin.com/in/hamna-ghufran/,43,0,5.2,False
2026-07-01T13:03:08.843443,zenrows,linkedin_profile,https://www.linkedin.com/in/hamna-ghufran/,44,0,8.9,False
2026-07-01T13:03:09.348181,zenrows,linkedin_profile,https://www.linkedin.com/in/hamna-ghufran/,45,0,10.2,False
2026-07-01T13:03:09.843781,zenrows,linkedin_profile,https://www.linkedin.com/in/hamna-ghufran/,46,0,4.4,False
2026-07-01T13:03:10.353882,zenrows,linkedin_profile,https://www.linkedin.com/in/hamna-ghufran/,47,0,11.2,False
2026-07-01T13:03:10.854912,zenrows,linkedin_profile,https://www.linkedin.com/in/hamna-ghufran/,48,0,8.4,False
2026-07-01T13:03:11.358001,zenrows,linkedin_profile,https://www.linkedin.com/in/hamna-ghufran/,49,0,10.7,False
2026-07-01T13:03:11.860706,zenrows,linkedin_profile,https://www.linkedin.com/in/hamna-ghufran/,50,0,10.7,False
2026-07-01T13:03:12.365598,zenrows,linkedin_profile,https://www.linkedin.com/in/hamna-ghufran/,51,0,11.2,False
2026-07-01T13:03:12.878652,zenrows,linkedin_profile,https://www.linkedin.com/in/hamna-ghufran/,52,0,24.1,False
2026-07-01T13:03:13.387257,zenrows,linkedin_profile,https://www.linkedin.com/in/hamna-ghufran/,53,0,26.1,False
2026-07-01T13:03:13.873516,zenrows,linkedin_profile,https://www.linkedin.com/in/hamna-ghufran/,54,0,9.1,False
2026-07-01T13:03:14.375550,zenrows,linkedin_profile,https://www.linkedin.com/in/hamna-ghufran/,55,0,10.5,False
2026-07-01T13:03:14.877709,zenrows,linkedin_profile,https://www.linkedin.com/in/hamna-ghufran/,56,0,7.0,False
2026-07-01T13:03:15.382512,zenrows,linkedin_profile,https://www.linkedin.com/in/hamna-ghufran/,57,0,9.5,False
2026-07-01T13:03:15.882313,zenrows,linkedin_profile,https://www.linkedin.com/in/hamna-ghufran/,58,0,7.1,False
2026-07-01T13:03:16.387457,zenrows,linkedin_profile,https://www.linkedin.com/in/hamna-ghufran/,59,0,7.4,False
2026-07-01T13:03:16.893329,zenrows,linkedin_profile,https://www.linkedin.com/in/hamna-ghufran/,60,0,9.2,False
2026-07-01T13:03:17.397395,zenrows,linkedin_profile,https://www.linkedin.com/in/hamna-ghufran/,61,0,8.8,False
2026-07-01T13:03:17.904395,zenrows,linkedin_profile,https://www.linkedin.com/in/hamna-ghufran/,62,0,11.0,False
2026-07-01T13:03:18.409810,zenrows,linkedin_profile,https://www.linkedin.com/in/hamna-ghufran/,63,0,10.8,False
2026-07-01T13:03:18.918406,zenrows,linkedin_profile,https://www.linkedin.com/in/hamna-ghufran/,64,0,18.7,False
2026-07-01T13:03:19.411575,zenrows,linkedin_profile,https://www.linkedin.com/in/hamna-ghufran/,65,0,8.7,False
2026-07-01T13:03:19.917359,zenrows,linkedin_profile,https://www.linkedin.com/in/hamna-ghufran/,66,0,9.4,False
2026-07-01T13:03:20.422264,zenrows,linkedin_profile,https://www.linkedin.com/in/hamna-ghufran/,67,0,9.9,False
2026-07-01T13:03:20.925735,zenrows,linkedin_profile,https://www.linkedin.com/in/hamna-ghufran/,68,0,8.3,False
2026-07-01T13:03:21.430744,zenrows,linkedin_profile,https://www.linkedin.com/in/hamna-ghufran/,69,0,9.1,False
2026-07-01T13:03:21.936787,zenrows,linkedin_profile,https://www.linkedin.com/in/hamna-ghufran/,70,0,10.1,False
2026-07-01T13:03:22.440394,zenrows,linkedin_profile,https://www.linkedin.com/in/hamna-ghufran/,71,0,10.5,False
2026-07-01T13:03:22.943113,zenrows,linkedin_profile,https://www.linkedin.com/in/hamna-ghufran/,72,0,8.2,False
2026-07-01T13:03:23.446124,zenrows,linkedin_profile,https://www.linkedin.com/in/hamna-ghufran/,73,0,10.0,False
2026-07-01T13:03:23.946194,zenrows,linkedin_profile,https://www.linkedin.com/in/hamna-ghufran/,74,0,6.6,False
2026-07-01T13:03:24.462387,zenrows,linkedin_profile,https://www.linkedin.com/in/hamna-ghufran/,75,0,17.4,False
2026-07-01T13:03:24.966972,zenrows,linkedin_profile,https://www.linkedin.com/in/hamna-ghufran/,76,0,17.3,False
2026-07-01T13:03:25.467045,zenrows,linkedin_profile,https://www.linkedin.com/in/hamna-ghufran/,77,0,13.7,False
2026-07-01T13:03:25.963048,zenrows,linkedin_profile,https://www.linkedin.com/in/hamna-ghufran/,78,0,7.9,False
2026-07-01T13:03:26.475370,zenrows,linkedin_profile,https://www.linkedin.com/in/hamna-ghufran/,79,0,17.4,False
2026-07-01T13:03:26.969510,zenrows,linkedin_profile,https://www.linkedin.com/in/hamna-ghufran/,80,0,7.4,False
2026-07-01T13:03:27.474037,zenrows,linkedin_profile,https://www.linkedin.com/in/hamna-ghufran/,81,0,10.0,False
2026-07-01T13:03:27.974306,zenrows,linkedin_profile,https://www.linkedin.com/in/hamna-ghufran/,82,0,5.2,False
2026-07-01T13:03:28.478982,zenrows,linkedin_profile,https://www.linkedin.com/in/hamna-ghufran/,83,0,8.6,False
2026-07-01T13:03:28.981923,zenrows,linkedin_profile,https://www.linkedin.com/in/hamna-ghufran/,84,0,7.4,False
2026-07-01T13:03:29.486190,zenrows,linkedin_profile,https://www.linkedin.com/in/hamna-ghufran/,85,0,8.9,False
2026-07-01T13:03:29.985060,zenrows,linkedin_profile,https://www.linkedin.com/in/hamna-ghufran/,86,0,5.1,False
2026-07-01T13:03:30.494156,zenrows,linkedin_profile,https://www.linkedin.com/in/hamna-ghufran/,87,0,10.3,False
2026-07-01T13:03:30.996888,zenrows,linkedin_profile,https://www.linkedin.com/in/hamna-ghufran/,88,0,8.9,False
2026-07-01T13:03:31.500479,zenrows,linkedin_profile,https://www.linkedin.com/in/hamna-ghufran/,89,0,10.5,False
2026-07-01T13:03:32.007810,zenrows,linkedin_profile,https://www.linkedin.com/in/hamna-ghufran/,90,0,12.8,False
2026-07-01T13:03:32.509380,zenrows,linkedin_profile,https://www.linkedin.com/in/hamna-ghufran/,91,0,9.4,False
2026-07-01T13:03:33.013503,zenrows,linkedin_profile,https://www.linkedin.com/in/hamna-ghufran/,92,0,8.8,False
2026-07-01T13:03:33.518994,zenrows,linkedin_profile,https://www.linkedin.com/in/hamna-ghufran/,93,0,11.0,False
2026-07-01T13:03:34.020069,zenrows,linkedin_profile,https://www.linkedin.com/in/hamna-ghufran/,94,0,6.9,False
2026-07-01T13:03:34.525790,zenrows,linkedin_profile,https://www.linkedin.com/in/hamna-ghufran/,95,0,10.9,False
2026-07-01T13:03:35.027267,zenrows,linkedin_profile,https://www.linkedin.com/in/hamna-ghufran/,96,0,11.1,False
2026-07-01T13:03:35.527257,zenrows,linkedin_profile,https://www.linkedin.com/in/hamna-ghufran/,97,0,10.5,False
2026-07-01T13:03:36.031333,zenrows,linkedin_profile,https://www.linkedin.com/in/hamna-ghufran/,98,0,9.5,False
2026-07-01T13:03:36.537272,zenrows,linkedin_profile,https://www.linkedin.com/in/hamna-ghufran/,99,0,10.4,False
2026-07-01T13:03:37.038788,zenrows,linkedin_profile,https://www.linkedin.com/in/hamna-ghufran/,100,0,9.0,False
2026-07-01T13:03:37.544962,zyte,linkedin_profile,https://www.linkedin.com/in/hamna-ghufran/,1,0,8.8,False
2026-07-01T13:03:38.046944,zyte,linkedin_profile,https://www.linkedin.com/in/hamna-ghufran/,2,0,9.0,False
2026-07-01T13:03:38.547190,zyte,linkedin_profile,https://www.linkedin.com/in/hamna-ghufran/,3,0,9.3,False
2026-07-01T13:03:39.052311,zyte,linkedin_profile,https://www.linkedin.com/in/hamna-ghufran/,4,0,10.9,False
2026-07-01T13:03:39.552584,zyte,linkedin_profile,https://www.linkedin.com/in/hamna-ghufran/,5,0,11.1,False
2026-07-01T13:03:40.058294,zyte,linkedin_profile,https://www.linkedin.com/in/hamna-ghufran/,6,0,11.9,False
2026-07-01T13:03:40.559211,zyte,linkedin_profile,https://www.linkedin.com/in/hamna-ghufran/,7,0,9.5,False
2026-07-01T13:03:41.059329,zyte,linkedin_profile,https://www.linkedin.com/in/hamna-ghufran/,8,0,7.6,False
2026-07-01T13:03:41.563801,zyte,linkedin_profile,https://www.linkedin.com/in/hamna-ghufran/,9,0,10.3,False
2026-07-01T13:03:42.069197,zyte,linkedin_profile,https://www.linkedin.com/in/hamna-ghufran/,10,0,11.5,False
2026-07-01T13:03:42.575627,zyte,linkedin_profile,https://www.linkedin.com/in/hamna-ghufran/,11,0,13.8,False
2026-07-01T13:03:43.075229,zyte,linkedin_profile,https://www.linkedin.com/in/hamna-ghufran/,12,0,8.3,False
2026-07-01T13:03:43.610714,zyte,linkedin_profile,https://www.linkedin.com/in/hamna-ghufran/,13,0,42.6,False
2026-07-01T13:03:44.075865,zyte,linkedin_profile,https://www.linkedin.com/in/hamna-ghufran/,14,0,5.9,False
2026-07-01T13:03:44.587848,zyte,linkedin_profile,https://www.linkedin.com/in/hamna-ghufran/,15,0,11.3,False
2026-07-01T13:03:45.087560,zyte,linkedin_profile,https://www.linkedin.com/in/hamna-ghufran/,16,0,8.4,False
2026-07-01T13:03:45.594035,zyte,linkedin_profile,https://www.linkedin.com/in/hamna-ghufran/,17,0,8.1,False
2026-07-01T13:03:46.095564,zyte,linkedin_profile,https://www.linkedin.com/in/hamna-ghufran/,18,0,7.3,False
2026-07-01T13:03:46.600349,zyte,linkedin_profile,https://www.linkedin.com/in/hamna-ghufran/,19,0,8.5,False
2026-07-01T13:03:47.100046,zyte,linkedin_profile,https://www.linkedin.com/in/hamna-ghufran/,20,0,6.4,False
2026-07-01T13:03:47.605323,zyte,linkedin_profile,https://www.linkedin.com/in/hamna-ghufran/,21,0,9.9,False
2026-07-01T13:03:48.107266,zyte,linkedin_profile,https://www.linkedin.com/in/hamna-ghufran/,22,0,8.1,False
2026-07-01T13:03:48.612681,zyte,linkedin_profile,https://www.linkedin.com/in/hamna-ghufran/,23,0,12.5,False
2026-07-01T13:03:49.108955,zyte,linkedin_profile,https://www.linkedin.com/in/hamna-ghufran/,24,0,8.4,False
2026-07-01T13:03:49.613339,zyte,linkedin_profile,https://www.linkedin.com/in/hamna-ghufran/,25,0,7.7,False
2026-07-01T13:03:50.115596,zyte,linkedin_profile,https://www.linkedin.com/in/hamna-ghufran/,26,0,7.9,False
2026-07-01T13:03:50.617045,zyte,linkedin_profile,https://www.linkedin.com/in/hamna-ghufran/,27,0,8.6,False
2026-07-01T13:03:51.119702,zyte,linkedin_profile,https://www.linkedin.com/in/hamna-ghufran/,28,0,5.9,False
2026-07-01T13:03:51.626196,zyte,linkedin_profile,https://www.linkedin.com/in/hamna-ghufran/,29,0,9.4,False
2026-07-01T13:03:52.126447,zyte,linkedin_profile,https://www.linkedin.com/in/hamna-ghufran/,30,0,8.0,False
2026-07-01T13:03:52.629863,zyte,linkedin_profile,https://www.linkedin.com/in/hamna-ghufran/,31,0,10.0,False
2026-07-01T13:03:53.133415,zyte,linkedin_profile,https://www.linkedin.com/in/hamna-ghufran/,32,0,11.6,False
2026-07-01T13:03:53.635140,zyte,linkedin_profile,https://www.linkedin.com/in/hamna-ghufran/,33,0,12.7,False
2026-07-01T13:03:54.135290,zyte,linkedin_profile,https://www.linkedin.com/in/hamna-ghufran/,34,0,9.2,False
2026-07-01T13:03:55.042370,zyte,linkedin_profile,https://www.linkedin.com/in/hamna-ghufran/,35,0,384.2,False
2026-07-01T13:03:55.168215,zyte,linkedin_profile,https://www.linkedin.com/in/hamna-ghufran/,36,0,6.3,False
2026-07-01T13:03:55.675524,zyte,linkedin_profile,https://www.linkedin.com/in/hamna-ghufran/,37,0,9.8,False
2026-07-01T13:03:56.181656,zyte,linkedin_profile,https://www.linkedin.com/in/hamna-ghufran/,38,0,13.0,False
2026-07-01T13:03:56.679958,zyte,linkedin_profile,https://www.linkedin.com/in/hamna-ghufran/,39,0,6.5,False
2026-07-01T13:03:57.187040,zyte,linkedin_profile,https://www.linkedin.com/in/hamna-ghufran/,40,0,12.5,False
2026-07-01T13:03:57.692695,zyte,linkedin_profile,https://www.linkedin.com/in/hamna-ghufran/,41,0,13.7,False
2026-07-01T13:03:58.189967,zyte,linkedin_profile,https://www.linkedin.com/in/hamna-ghufran/,42,0,10.4,False
2026-07-01T13:03:58.694664,zyte,linkedin_profile,https://www.linkedin.com/in/hamna-ghufran/,43,0,11.6,False
2026-07-01T13:03:59.189965,zyte,linkedin_profile,https://www.linkedin.com/in/hamna-ghufran/,44,0,5.3,False
2026-07-01T13:03:59.695290,zyte,linkedin_profile,https://www.linkedin.com/in/hamna-ghufran/,45,0,9.2,False
2026-07-01T13:04:00.198299,zyte,linkedin_profile,https://www.linkedin.com/in/hamna-ghufran/,46,0,7.8,False
2026-07-01T13:04:00.708164,zyte,linkedin_profile,https://www.linkedin.com/in/hamna-ghufran/,47,0,12.7,False
2026-07-01T13:04:01.211460,zyte,linkedin_profile,https://www.linkedin.com/in/hamna-ghufran/,48,0,11.5,False
2026-07-01T13:04:01.717622,zyte,linkedin_profile,https://www.linkedin.com/in/hamna-ghufran/,49,0,14.1,False
2026-07-01T13:04:02.221665,zyte,linkedin_profile,https://www.linkedin.com/in/hamna-ghufran/,50,0,13.4,False
2026-07-01T13:04:02.723563,zyte,linkedin_profile,https://www.linkedin.com/in/hamna-ghufran/,51,0,11.7,False
2026-07-01T13:04:03.220193,zyte,linkedin_profile,https://www.linkedin.com/in/hamna-ghufran/,52,0,6.9,False
2026-07-01T13:04:03.729223,zyte,linkedin_profile,https://www.linkedin.com/in/hamna-ghufran/,53,0,14.1,False
2026-07-01T13:04:04.231168,zyte,linkedin_profile,https://www.linkedin.com/in/hamna-ghufran/,54,0,11.0,False
2026-07-01T13:04:04.736087,zyte,linkedin_profile,https://www.linkedin.com/in/hamna-ghufran/,55,0,12.0,False
2026-07-01T13:04:05.235796,zyte,linkedin_profile,https://www.linkedin.com/in/hamna-ghufran/,56,0,7.0,False
2026-07-01T13:04:05.744775,zyte,linkedin_profile,https://www.linkedin.com/in/hamna-ghufran/,57,0,12.0,False
2026-07-01T13:04:06.253309,zyte,linkedin_profile,https://www.linkedin.com/in/hamna-ghufran/,58,0,15.8,False
2026-07-01T13:04:06.754690,zyte,linkedin_profile,https://www.linkedin.com/in/hamna-ghufran/,59,0,15.7,False
2026-07-01T13:04:07.255707,zyte,linkedin_profile,https://www.linkedin.com/in/hamna-ghufran/,60,0,11.6,False
2026-07-01T13:04:07.757327,zyte,linkedin_profile,https://www.linkedin.com/in/hamna-ghufran/,61,0,11.9,False
2026-07-01T13:04:08.263007,zyte,linkedin_profile,https://www.linkedin.com/in/hamna-ghufran/,62,0,14.2,False
2026-07-01T13:04:08.765534,zyte,linkedin_profile,https://www.linkedin.com/in/hamna-ghufran/,63,0,12.0,False
2026-07-01T13:04:09.273116,zyte,linkedin_profile,https://www.linkedin.com/in/hamna-ghufran/,64,0,14.9,False
2026-07-01T13:04:09.769551,zyte,linkedin_profile,https://www.linkedin.com/in/hamna-ghufran/,65,0,6.8,False
2026-07-01T13:04:10.280166,zyte,linkedin_profile,https://www.linkedin.com/in/hamna-ghufran/,66,0,14.7,False
2026-07-01T13:04:10.782397,zyte,linkedin_profile,https://www.linkedin.com/in/hamna-ghufran/,67,0,15.7,False
2026-07-01T13:04:11.287215,zyte,linkedin_profile,https://www.linkedin.com/in/hamna-ghufran/,68,0,18.5,False
2026-07-01T13:04:11.782437,zyte,linkedin_profile,https://www.linkedin.com/in/hamna-ghufran/,69,0,9.1,False
2026-07-01T13:04:12.285155,zyte,linkedin_profile,https://www.linkedin.com/in/hamna-ghufran/,70,0,10.0,False
2026-07-01T13:04:12.795478,zyte,linkedin_profile,https://www.linkedin.com/in/hamna-ghufran/,71,0,15.3,False
2026-07-01T13:04:13.321566,zyte,linkedin_profile,https://www.linkedin.com/in/hamna-ghufran/,72,0,33.3,False
2026-07-01T13:04:13.804603,zyte,linkedin_profile,https://www.linkedin.com/in/hamna-ghufran/,73,0,12.9,False
2026-07-01T13:04:14.307257,zyte,linkedin_profile,https://www.linkedin.com/in/hamna-ghufran/,74,0,14.1,False
2026-07-01T13:04:14.809109,zyte,linkedin_profile,https://www.linkedin.com/in/hamna-ghufran/,75,0,10.9,False
2026-07-01T13:04:15.318634,zyte,linkedin_profile,https://www.linkedin.com/in/hamna-ghufran/,76,0,14.4,False
2026-07-01T13:04:15.824290,zyte,linkedin_profile,https://www.linkedin.com/in/hamna-ghufran/,77,0,14.5,False
2026-07-01T13:04:16.326756,zyte,linkedin_profile,https://www.linkedin.com/in/hamna-ghufran/,78,0,12.2,False
2026-07-01T13:04:16.828119,zyte,linkedin_profile,https://www.linkedin.com/in/hamna-ghufran/,79,0,11.8,False
2026-07-01T13:04:17.335624,zyte,linkedin_profile,https://www.linkedin.com/in/hamna-ghufran/,80,0,14.2,False
2026-07-01T13:04:17.841425,zyte,linkedin_profile,https://www.linkedin.com/in/hamna-ghufran/,81,0,14.8,False
2026-07-01T13:04:18.341194,zyte,linkedin_profile,https://www.linkedin.com/in/hamna-ghufran/,82,0,13.5,False
2026-07-01T13:04:18.847438,zyte,linkedin_profile,https://www.linkedin.com/in/hamna-ghufran/,83,0,14.4,False
2026-07-01T13:04:19.347439,zyte,linkedin_profile,https://www.linkedin.com/in/hamna-ghufran/,84,0,11.4,False
2026-07-01T13:04:19.841982,zyte,linkedin_profile,https://www.linkedin.com/in/hamna-ghufran/,85,0,3.8,False
2026-07-01T13:04:20.357425,zyte,linkedin_profile,https://www.linkedin.com/in/hamna-ghufran/,86,0,13.7,False
2026-07-01T13:04:20.860323,zyte,linkedin_profile,https://www.linkedin.com/in/hamna-ghufran/,87,0,11.5,False
2026-07-01T13:04:21.367607,zyte,linkedin_profile,https://www.linkedin.com/in/hamna-ghufran/,88,0,14.0,False
2026-07-01T13:04:21.873949,zyte,linkedin_profile,https://www.linkedin.com/in/hamna-ghufran/,89,0,15.2,False
2026-07-01T13:04:22.376048,zyte,linkedin_profile,https://www.linkedin.com/in/hamna-ghufran/,90,0,14.0,False
2026-07-01T13:04:22.881014,zyte,linkedin_profile,https://www.linkedin.com/in/hamna-ghufran/,91,0,14.0,False
2026-07-01T13:04:23.385698,zyte,linkedin_profile,https://www.linkedin.com/in/hamna-ghufran/,92,0,14.1,False
2026-07-01T13:04:23.884839,zyte,linkedin_profile,https://www.linkedin.com/in/hamna-ghufran/,93,0,11.2,False
2026-07-01T13:04:24.392728,zyte,linkedin_profile,https://www.linkedin.com/in/hamna-ghufran/,94,0,14.1,False
2026-07-01T13:04:24.894510,zyte,linkedin_profile,https://www.linkedin.com/in/hamna-ghufran/,95,0,11.1,False
2026-07-01T13:04:25.399122,zyte,linkedin_profile,https://www.linkedin.com/in/hamna-ghufran/,96,0,12.3,False
2026-07-01T13:04:25.898785,zyte,linkedin_profile,https://www.linkedin.com/in/hamna-ghufran/,97,0,10.9,False
2026-07-01T13:04:26.403352,zyte,linkedin_profile,https://www.linkedin.com/in/hamna-ghufran/,98,0,13.4,False
2026-07-01T13:04:26.906268,zyte,linkedin_profile,https://www.linkedin.com/in/hamna-ghufran/,99,0,11.0,False
2026-07-01T13:04:27.413539,zyte,linkedin_profile,https://www.linkedin.com/in/hamna-ghufran/,100,0,14.3,False
2026-07-01T13:22:38.200889,zenrows,ikea_cloudflare,https://www.ikea.com/,1,200,10666.4,True
2026-07-01T13:22:59.568101,zenrows,ikea_cloudflare,https://www.ikea.com/,2,200,21290.2,True
2026-07-01T13:24:16.785384,zenrows,ikea_cloudflare,https://www.ikea.com/,3,200,77122.8,True
2026-07-01T13:24:56.576486,zenrows,ikea_cloudflare,https://www.ikea.com/,4,200,39714.6,True
2026-07-01T13:25:18.304061,zenrows,ikea_cloudflare,https://www.ikea.com/,5,200,21664.5,True
2026-07-01T13:26:05.319717,zenrows,ikea_cloudflare,https://www.ikea.com/,6,200,46924.4,True
2026-07-01T13:26:30.031917,zenrows,ikea_cloudflare,https://www.ikea.com/,7,200,24631.7,True
2026-07-01T13:27:59.915521,zenrows,ikea_cloudflare,https://www.ikea.com/,8,200,89701.4,True
2026-07-01T13:29:42.502268,zenrows,ikea_cloudflare,https://www.ikea.com/,9,200,102513.9,True
2026-07-01T13:30:09.305579,zenrows,ikea_cloudflare,https://www.ikea.com/,10,200,26729.2,True
2026-07-01T13:30:21.677107,zenrows,ikea_cloudflare,https://www.ikea.com/,11,200,12271.1,True
2026-07-01T13:30:48.083126,zenrows,ikea_cloudflare,https://www.ikea.com/,12,200,26336.1,True
2026-07-01T13:31:07.171690,zenrows,ikea_cloudflare,https://www.ikea.com/,13,200,19020.3,True
2026-07-01T13:32:52.655114,zenrows,ikea_cloudflare,https://www.ikea.com/,14,0,105485.2,False
2026-07-01T13:34:23.018374,zenrows,ikea_cloudflare,https://www.ikea.com/,15,200,90307.6,True
2026-07-01T13:36:37.173932,zenrows,ikea_cloudflare,https://www.ikea.com/,16,200,134085.4,True
2026-07-01T13:37:34.609226,zenrows,ikea_cloudflare,https://www.ikea.com/,17,200,57356.9,True
2026-07-01T13:37:46.160496,zenrows,ikea_cloudflare,https://www.ikea.com/,18,200,11472.2,True
2026-07-01T13:37:52.201875,zenrows,ikea_cloudflare,https://www.ikea.com/,19,200,5958.4,True
2026-07-01T13:38:15.105246,zenrows,ikea_cloudflare,https://www.ikea.com/,20,200,22821.9,True
2026-07-01T13:39:15.600738,zenrows,ikea_cloudflare,https://www.ikea.com/,21,0,60496.5,False
2026-07-01T13:39:34.283660,zenrows,ikea_cloudflare,https://www.ikea.com/,22,0,18682.8,False
2026-07-01T13:39:34.311436,zenrows,ikea_cloudflare,https://www.ikea.com/,23,0,24.7,False
2026-07-01T13:39:34.795866,zenrows,ikea_cloudflare,https://www.ikea.com/,24,0,4.4,False
2026-07-01T13:40:09.354285,zenrows,ikea_cloudflare,https://www.ikea.com/,25,200,33937.1,True
2026-07-01T13:41:05.278751,zenrows,ikea_cloudflare,https://www.ikea.com/,26,200,55862.1,True
2026-07-01T13:41:15.079779,zenrows,ikea_cloudflare,https://www.ikea.com/,27,200,9743.1,True
2026-07-01T13:41:21.567227,zenrows,ikea_cloudflare,https://www.ikea.com/,28,200,6403.9,True
2026-07-01T13:41:35.602738,zenrows,ikea_cloudflare,https://www.ikea.com/,29,200,13972.5,True
2026-07-01T13:41:42.153272,zenrows,ikea_cloudflare,https://www.ikea.com/,30,200,6486.8,True
2026-07-01T13:41:48.601850,zenrows,ikea_cloudflare,https://www.ikea.com/,31,200,6384.4,True
2026-07-01T13:41:54.980464,zenrows,ikea_cloudflare,https://www.ikea.com/,32,200,6315.9,True
2026-07-01T13:41:59.542038,zenrows,ikea_cloudflare,https://www.ikea.com/,33,200,4501.2,True
2026-07-01T13:42:07.434154,zenrows,ikea_cloudflare,https://www.ikea.com/,34,200,7802.7,True
2026-07-01T13:42:17.254475,zenrows,ikea_cloudflare,https://www.ikea.com/,35,200,9760.6,True
2026-07-01T13:42:25.421233,zenrows,ikea_cloudflare,https://www.ikea.com/,36,200,8113.8,True
2026-07-01T13:42:31.383064,zenrows,ikea_cloudflare,https://www.ikea.com/,37,200,5912.7,True
2026-07-01T13:42:39.970482,zenrows,ikea_cloudflare,https://www.ikea.com/,38,200,8537.7,True
2026-07-01T13:42:47.825382,zenrows,ikea_cloudflare,https://www.ikea.com/,39,200,7800.7,True
2026-07-01T13:42:54.934475,zenrows,ikea_cloudflare,https://www.ikea.com/,40,200,7049.4,True
2026-07-01T13:43:00.259262,zenrows,ikea_cloudflare,https://www.ikea.com/,41,200,5267.7,True
2026-07-01T13:43:07.744299,zenrows,ikea_cloudflare,https://www.ikea.com/,42,200,7426.0,True
2026-07-01T13:43:13.974076,zenrows,ikea_cloudflare,https://www.ikea.com/,43,200,6143.3,True
2026-07-01T13:43:19.793318,zenrows,ikea_cloudflare,https://www.ikea.com/,44,200,5757.3,True
2026-07-01T13:43:28.573953,zenrows,ikea_cloudflare,https://www.ikea.com/,45,200,8697.7,True
2026-07-01T13:43:37.080834,zenrows,ikea_cloudflare,https://www.ikea.com/,46,200,8438.0,True
2026-07-01T13:43:44.618958,zenrows,ikea_cloudflare,https://www.ikea.com/,47,200,7456.3,True
2026-07-01T13:44:01.969992,zenrows,ikea_cloudflare,https://www.ikea.com/,48,200,17274.5,True
2026-07-01T13:44:09.323146,zenrows,ikea_cloudflare,https://www.ikea.com/,49,200,7267.0,True
2026-07-01T13:44:12.362503,zenrows,ikea_cloudflare,https://www.ikea.com/,50,200,2957.7,True
2026-07-01T13:44:19.163684,zenrows,ikea_cloudflare,https://www.ikea.com/,51,200,6694.9,True
2026-07-01T13:44:29.785375,zenrows,ikea_cloudflare,https://www.ikea.com/,52,200,10561.1,True
2026-07-01T13:44:37.369432,zenrows,ikea_cloudflare,https://www.ikea.com/,53,200,7503.4,True
2026-07-01T13:44:46.369378,zenrows,ikea_cloudflare,https://www.ikea.com/,54,200,8923.3,True
2026-07-01T13:44:54.231166,zenrows,ikea_cloudflare,https://www.ikea.com/,55,200,7778.6,True
2026-07-01T13:45:01.347499,zenrows,ikea_cloudflare,https://www.ikea.com/,56,200,7035.3,True
2026-07-01T13:45:07.763786,zenrows,ikea_cloudflare,https://www.ikea.com/,57,200,6337.8,True
2026-07-01T13:45:15.912837,zenrows,ikea_cloudflare,https://www.ikea.com/,58,200,8082.0,True
2026-07-01T13:45:21.084413,zenrows,ikea_cloudflare,https://www.ikea.com/,59,200,5068.7,True
2026-07-01T13:45:27.444651,zenrows,ikea_cloudflare,https://www.ikea.com/,60,200,6279.6,True
2026-07-01T13:45:37.079826,zenrows,ikea_cloudflare,https://www.ikea.com/,61,200,9549.2,True
2026-07-01T13:45:51.213958,zenrows,ikea_cloudflare,https://www.ikea.com/,62,200,14046.6,True
2026-07-01T13:46:00.133732,zenrows,ikea_cloudflare,https://www.ikea.com/,63,200,8846.1,True
2026-07-01T13:46:09.062335,zenrows,ikea_cloudflare,https://www.ikea.com/,64,200,8846.9,True
2026-07-01T13:46:19.023725,zenrows,ikea_cloudflare,https://www.ikea.com/,65,200,9894.7,True
2026-07-01T13:46:28.338602,zenrows,ikea_cloudflare,https://www.ikea.com/,66,200,9248.9,True
2026-07-01T13:46:37.548911,zenrows,ikea_cloudflare,https://www.ikea.com/,67,200,9147.0,True
2026-07-01T13:46:46.300999,zenrows,ikea_cloudflare,https://www.ikea.com/,68,200,8670.9,True
2026-07-01T13:46:56.018286,zenrows,ikea_cloudflare,https://www.ikea.com/,69,200,9655.7,True
2026-07-01T13:47:05.335196,zenrows,ikea_cloudflare,https://www.ikea.com/,70,200,9249.2,True
2026-07-01T13:47:13.599865,zenrows,ikea_cloudflare,https://www.ikea.com/,71,200,8201.1,True
2026-07-01T13:47:22.098639,zenrows,ikea_cloudflare,https://www.ikea.com/,72,200,8433.2,True
2026-07-01T13:47:28.831186,zenrows,ikea_cloudflare,https://www.ikea.com/,73,200,6668.7,True
2026-07-01T13:47:36.709128,zenrows,ikea_cloudflare,https://www.ikea.com/,74,200,7811.4,True
2026-07-01T13:47:42.272029,zenrows,ikea_cloudflare,https://www.ikea.com/,75,200,5458.2,True
2026-07-01T13:47:48.130296,zenrows,ikea_cloudflare,https://www.ikea.com/,76,200,5769.8,True
2026-07-01T13:48:13.632847,zenrows,ikea_cloudflare,https://www.ikea.com/,77,200,25425.2,True
2026-07-01T13:48:21.581423,zenrows,ikea_cloudflare,https://www.ikea.com/,78,200,7870.9,True
2026-07-01T13:48:28.250503,zenrows,ikea_cloudflare,https://www.ikea.com/,79,200,6589.4,True
2026-07-01T13:48:39.929805,zenrows,ikea_cloudflare,https://www.ikea.com/,80,200,11590.1,True
2026-07-01T13:48:48.034525,zenrows,ikea_cloudflare,https://www.ikea.com/,81,200,8020.2,True
2026-07-01T13:48:57.933066,zenrows,ikea_cloudflare,https://www.ikea.com/,82,200,9813.5,True
2026-07-01T13:49:07.003870,zenrows,ikea_cloudflare,https://www.ikea.com/,83,200,8993.5,True
2026-07-01T13:49:16.281431,zenrows,ikea_cloudflare,https://www.ikea.com/,84,200,9170.5,True
2026-07-01T13:49:23.852778,zenrows,ikea_cloudflare,https://www.ikea.com/,85,200,7492.8,True
2026-07-01T13:49:29.577344,zenrows,ikea_cloudflare,https://www.ikea.com/,86,200,5649.0,True
2026-07-01T13:49:46.282611,zenrows,ikea_cloudflare,https://www.ikea.com/,87,200,16638.4,True
2026-07-01T13:49:51.768398,zenrows,ikea_cloudflare,https://www.ikea.com/,88,200,5412.8,True
2026-07-01T13:49:54.973601,zenrows,ikea_cloudflare,https://www.ikea.com/,89,200,3136.7,True
2026-07-01T13:50:01.311758,zenrows,ikea_cloudflare,https://www.ikea.com/,90,200,6268.3,True
2026-07-01T13:50:11.336413,zenrows,ikea_cloudflare,https://www.ikea.com/,91,200,9949.2,True
2026-07-01T13:50:16.979024,zenrows,ikea_cloudflare,https://www.ikea.com/,92,200,5560.1,True
2026-07-01T13:50:27.224899,zenrows,ikea_cloudflare,https://www.ikea.com/,93,200,10157.0,True
2026-07-01T13:50:39.646648,zenrows,ikea_cloudflare,https://www.ikea.com/,94,200,12343.5,True
2026-07-01T13:51:20.673596,zenrows,ikea_cloudflare,https://www.ikea.com/,95,200,40945.8,True
2026-07-01T13:51:47.865950,zenrows,ikea_cloudflare,https://www.ikea.com/,96,200,27117.7,True
2026-07-01T13:52:22.952943,zenrows,ikea_cloudflare,https://www.ikea.com/,97,200,35003.5,True
2026-07-01T13:52:34.881318,zenrows,ikea_cloudflare,https://www.ikea.com/,98,200,11847.0,True
2026-07-01T13:52:42.600090,zenrows,ikea_cloudflare,https://www.ikea.com/,99,200,7645.5,True
2026-07-01T13:53:35.096990,zenrows,ikea_cloudflare,https://www.ikea.com/,100,200,52422.6,True
2026-07-01T13:53:51.595832,zyte,ikea_cloudflare,https://www.ikea.com/,1,200,16376.8,True
2026-07-01T13:54:02.778039,zyte,ikea_cloudflare,https://www.ikea.com/,2,200,11100.0,True
2026-07-01T13:54:09.003413,zyte,ikea_cloudflare,https://www.ikea.com/,3,200,6147.1,True
2026-07-01T13:54:13.472975,zyte,ikea_cloudflare,https://www.ikea.com/,4,200,4389.9,True
2026-07-01T13:54:55.013392,zyte,ikea_cloudflare,https://www.ikea.com/,5,200,41457.0,True
2026-07-01T13:55:02.384569,zyte,ikea_cloudflare,https://www.ikea.com/,6,200,7258.4,True
2026-07-01T13:55:18.110962,zyte,ikea_cloudflare,https://www.ikea.com/,7,200,15633.2,True
2026-07-01T13:55:47.618803,zyte,ikea_cloudflare,https://www.ikea.com/,8,200,29427.5,True
2026-07-01T13:56:00.758656,zyte,ikea_cloudflare,https://www.ikea.com/,9,200,13066.9,True
2026-07-01T13:56:07.274433,zyte,ikea_cloudflare,https://www.ikea.com/,10,200,6399.5,True
2026-07-01T13:56:15.353122,zyte,ikea_cloudflare,https://www.ikea.com/,11,200,8005.8,True
2026-07-01T13:56:20.475353,zyte,ikea_cloudflare,https://www.ikea.com/,12,200,5048.0,True
2026-07-01T13:56:33.683342,zyte,ikea_cloudflare,https://www.ikea.com/,13,200,13144.4,True
2026-07-01T13:56:37.793540,zyte,ikea_cloudflare,https://www.ikea.com/,14,200,4038.6,True
2026-07-01T13:56:42.189959,zyte,ikea_cloudflare,https://www.ikea.com/,15,200,4310.6,True
2026-07-01T13:56:47.088997,zyte,ikea_cloudflare,https://www.ikea.com/,16,200,4818.4,True
2026-07-01T13:56:55.279954,zyte,ikea_cloudflare,https://www.ikea.com/,17,200,8134.3,True
2026-07-01T13:56:58.794502,zyte,ikea_cloudflare,https://www.ikea.com/,18,200,3411.6,True
2026-07-01T13:57:02.140891,zyte,ikea_cloudflare,https://www.ikea.com/,19,200,3266.1,True
2026-07-01T13:57:05.096988,zyte,ikea_cloudflare,https://www.ikea.com/,20,200,2876.0,True
2026-07-01T13:57:39.931767,zyte,ikea_cloudflare,https://www.ikea.com/,21,200,34772.0,True
2026-07-01T13:57:45.583474,zyte,ikea_cloudflare,https://www.ikea.com/,22,200,5574.7,True
2026-07-01T13:57:56.851758,zyte,ikea_cloudflare,https://www.ikea.com/,23,200,11192.4,True
2026-07-01T13:58:09.110394,zyte,ikea_cloudflare,https://www.ikea.com/,24,200,12177.5,True
2026-07-01T13:58:40.261665,zyte,ikea_cloudflare,https://www.ikea.com/,25,200,31068.3,True
2026-07-01T13:58:50.679576,zyte,ikea_cloudflare,https://www.ikea.com/,26,200,10334.3,True
2026-07-01T13:59:04.143779,zyte,ikea_cloudflare,https://www.ikea.com/,27,200,13357.8,True
2026-07-01T13:59:18.312899,zyte,ikea_cloudflare,https://www.ikea.com/,28,200,14089.1,True
2026-07-01T13:59:26.912531,zyte,ikea_cloudflare,https://www.ikea.com/,29,200,8510.9,True
2026-07-01T13:59:39.224388,zyte,ikea_cloudflare,https://www.ikea.com/,30,200,12230.8,True
2026-07-01T13:59:52.795258,zyte,ikea_cloudflare,https://www.ikea.com/,31,200,13512.3,True
2026-07-01T13:59:58.153182,zyte,ikea_cloudflare,https://www.ikea.com/,32,200,5267.8,True
2026-07-01T14:00:02.976818,zyte,ikea_cloudflare,https://www.ikea.com/,33,200,4746.6,True
2026-07-01T14:00:07.664564,zyte,ikea_cloudflare,https://www.ikea.com/,34,200,4619.3,True
2026-07-01T14:00:12.757130,zyte,ikea_cloudflare,https://www.ikea.com/,35,200,5014.3,True
2026-07-01T14:00:23.181694,zyte,ikea_cloudflare,https://www.ikea.com/,36,200,10322.9,True
2026-07-01T14:01:40.880665,zyte,ikea_cloudflare,https://www.ikea.com/,37,200,77641.4,True
2026-07-01T14:01:57.526582,zyte,ikea_cloudflare,https://www.ikea.com/,38,200,16561.1,True
2026-07-01T14:02:04.419110,zyte,ikea_cloudflare,https://www.ikea.com/,39,200,6804.7,True
2026-07-01T14:02:34.118231,zyte,ikea_cloudflare,https://www.ikea.com/,40,200,29625.1,True
2026-07-01T14:02:43.039574,zyte,ikea_cloudflare,https://www.ikea.com/,41,200,8832.1,True
2026-07-01T14:02:47.773285,zyte,ikea_cloudflare,https://www.ikea.com/,42,200,4652.8,True
2026-07-01T14:02:54.187311,zyte,ikea_cloudflare,https://www.ikea.com/,43,200,6346.1,True
2026-07-01T14:02:58.994370,zyte,ikea_cloudflare,https://www.ikea.com/,44,200,4731.1,True
2026-07-01T14:03:36.371269,zyte,ikea_cloudflare,https://www.ikea.com/,45,200,37259.5,True
2026-07-01T14:03:41.525689,zyte,ikea_cloudflare,https://www.ikea.com/,46,200,5068.6,True
2026-07-01T14:03:46.287313,zyte,ikea_cloudflare,https://www.ikea.com/,47,200,4676.5,True
2026-07-01T14:03:52.601864,zyte,ikea_cloudflare,https://www.ikea.com/,48,200,6228.9,True
2026-07-01T14:03:57.873459,zyte,ikea_cloudflare,https://www.ikea.com/,49,200,5199.7,True
2026-07-01T14:04:04.093668,zyte,ikea_cloudflare,https://www.ikea.com/,50,200,6140.2,True
2026-07-01T14:04:09.731869,zyte,ikea_cloudflare,https://www.ikea.com/,51,200,5560.7,True
2026-07-01T14:04:20.925636,zyte,ikea_cloudflare,https://www.ikea.com/,52,200,11116.4,True
2026-07-01T14:04:32.528480,zyte,ikea_cloudflare,https://www.ikea.com/,53,200,11498.9,True
2026-07-01T14:04:39.653213,zyte,ikea_cloudflare,https://www.ikea.com/,54,200,7042.2,True
2026-07-01T14:04:43.647631,zyte,ikea_cloudflare,https://www.ikea.com/,55,200,3913.1,True
2026-07-01T14:06:22.725937,zyte,ikea_cloudflare,https://www.ikea.com/,56,0,99079.4,False
2026-07-01T14:06:28.435850,zyte,ikea_cloudflare,https://www.ikea.com/,57,200,5645.0,True
2026-07-01T14:06:33.378346,zyte,ikea_cloudflare,https://www.ikea.com/,58,200,4888.3,True
2026-07-01T14:07:29.262866,zyte,ikea_cloudflare,https://www.ikea.com/,59,200,55800.8,True
2026-07-01T14:07:38.464064,zyte,ikea_cloudflare,https://www.ikea.com/,60,200,9119.8,True
2026-07-01T14:08:28.967296,zyte,ikea_cloudflare,https://www.ikea.com/,61,200,50420.7,True
2026-07-01T14:08:35.666222,zyte,ikea_cloudflare,https://www.ikea.com/,62,200,6626.4,True
2026-07-01T14:08:42.169508,zyte,ikea_cloudflare,https://www.ikea.com/,63,200,6391.6,True
2026-07-01T14:08:48.198775,zyte,ikea_cloudflare,https://www.ikea.com/,64,200,5948.6,True
2026-07-01T14:08:55.401661,zyte,ikea_cloudflare,https://www.ikea.com/,65,200,7132.2,True
2026-07-01T14:08:59.979495,zyte,ikea_cloudflare,https://www.ikea.com/,66,200,4491.2,True
2026-07-01T14:09:07.881190,zyte,ikea_cloudflare,https://www.ikea.com/,67,200,7845.8,True
2026-07-01T14:09:14.605295,zyte,ikea_cloudflare,https://www.ikea.com/,68,200,6640.2,True
2026-07-01T14:09:22.299307,zyte,ikea_cloudflare,https://www.ikea.com/,69,200,7625.0,True
2026-07-01T14:09:29.279092,zyte,ikea_cloudflare,https://www.ikea.com/,70,200,6912.4,True
2026-07-01T14:09:33.969904,zyte,ikea_cloudflare,https://www.ikea.com/,71,200,4623.4,True
2026-07-01T14:09:39.674923,zyte,ikea_cloudflare,https://www.ikea.com/,72,200,5626.6,True
2026-07-01T14:09:47.552920,zyte,ikea_cloudflare,https://www.ikea.com/,73,200,7810.5,True
2026-07-01T14:10:23.832213,zyte,ikea_cloudflare,https://www.ikea.com/,74,200,36219.0,True
2026-07-01T14:10:29.436130,zyte,ikea_cloudflare,https://www.ikea.com/,75,200,5540.8,True
2026-07-01T14:10:34.693253,zyte,ikea_cloudflare,https://www.ikea.com/,76,200,5194.2,True
2026-07-01T14:10:40.462990,zyte,ikea_cloudflare,https://www.ikea.com/,77,200,5703.4,True
2026-07-01T14:10:44.998554,zyte,ikea_cloudflare,https://www.ikea.com/,78,200,4469.5,True
2026-07-01T14:10:49.636062,zyte,ikea_cloudflare,https://www.ikea.com/,79,200,4573.0,True
2026-07-01T14:10:56.974288,zyte,ikea_cloudflare,https://www.ikea.com/,80,200,7271.8,True
2026-07-01T14:11:02.873996,zyte,ikea_cloudflare,https://www.ikea.com/,81,200,5816.1,True
2026-07-01T14:11:12.882721,zyte,ikea_cloudflare,https://www.ikea.com/,82,200,9946.2,True
2026-07-01T14:11:15.863934,zyte,ikea_cloudflare,https://www.ikea.com/,83,200,2914.9,True
2026-07-01T14:11:22.245937,zyte,ikea_cloudflare,https://www.ikea.com/,84,200,6318.8,True
2026-07-01T14:11:25.621842,zyte,ikea_cloudflare,https://www.ikea.com/,85,200,3310.0,True
2026-07-01T14:11:30.757440,zyte,ikea_cloudflare,https://www.ikea.com/,86,200,5072.8,True
2026-07-01T14:11:34.113656,zyte,ikea_cloudflare,https://www.ikea.com/,87,200,3292.5,True
2026-07-01T14:11:42.845220,zyte,ikea_cloudflare,https://www.ikea.com/,88,200,8666.0,True
2026-07-01T14:11:46.593935,zyte,ikea_cloudflare,https://www.ikea.com/,89,200,3663.2,True
2026-07-01T14:11:50.029228,zyte,ikea_cloudflare,https://www.ikea.com/,90,200,3371.4,True
2026-07-01T14:11:54.627084,zyte,ikea_cloudflare,https://www.ikea.com/,91,200,4533.8,True
2026-07-01T14:12:01.032914,zyte,ikea_cloudflare,https://www.ikea.com/,92,200,6342.7,True
2026-07-01T14:12:05.793751,zyte,ikea_cloudflare,https://www.ikea.com/,93,200,4698.1,True
2026-07-01T14:12:10.802014,zyte,ikea_cloudflare,https://www.ikea.com/,94,200,4943.2,True
2026-07-01T14:12:14.731351,zyte,ikea_cloudflare,https://www.ikea.com/,95,200,3875.7,True
2026-07-01T14:12:19.713976,zyte,ikea_cloudflare,https://www.ikea.com/,96,200,4917.3,True
2026-07-01T14:12:24.672580,zyte,ikea_cloudflare,https://www.ikea.com/,97,200,4893.6,True
2026-07-01T14:12:29.413028,zyte,ikea_cloudflare,https://www.ikea.com/,98,200,4648.6,True
2026-07-01T14:12:33.774945,zyte,ikea_cloudflare,https://www.ikea.com/,99,200,4299.0,True
2026-07-01T14:12:37.686226,zyte,ikea_cloudflare,https://www.ikea.com/,100,200,3847.0,True
2026-07-01T14:12:44.140234,zenrows,reuters_news,https://www.reuters.com/,1,200,6251.8,True
2026-07-01T14:12:51.949386,zenrows,reuters_news,https://www.reuters.com/,2,200,7738.7,True
2026-07-01T14:13:12.511713,zenrows,reuters_news,https://www.reuters.com/,3,200,20483.9,True
2026-07-01T14:13:17.975761,zenrows,reuters_news,https://www.reuters.com/,4,200,5389.4,True
2026-07-01T14:13:26.356894,zenrows,reuters_news,https://www.reuters.com/,5,200,8283.8,True
2026-07-01T14:13:33.613096,zenrows,reuters_news,https://www.reuters.com/,6,200,7183.5,True
2026-07-01T14:13:38.647615,zenrows,reuters_news,https://www.reuters.com/,7,200,4960.6,True
2026-07-01T14:13:44.150369,zenrows,reuters_news,https://www.reuters.com/,8,200,5446.6,True
2026-07-01T14:13:52.240288,zenrows,reuters_news,https://www.reuters.com/,9,200,8019.1,True
2026-07-01T14:13:58.338694,zenrows,reuters_news,https://www.reuters.com/,10,200,6024.6,True
2026-07-01T14:14:14.842801,zenrows,reuters_news,https://www.reuters.com/,11,200,16434.8,True
2026-07-01T14:14:33.865310,zenrows,reuters_news,https://www.reuters.com/,12,200,18903.8,True
2026-07-01T14:14:39.910883,zenrows,reuters_news,https://www.reuters.com/,13,200,5969.0,True
2026-07-01T14:14:47.309849,zenrows,reuters_news,https://www.reuters.com/,14,200,7312.5,True
2026-07-01T14:14:59.070941,zenrows,reuters_news,https://www.reuters.com/,15,200,11690.6,True
2026-07-01T14:15:14.707211,zenrows,reuters_news,https://www.reuters.com/,16,200,15542.8,True
2026-07-01T14:15:18.669253,zenrows,reuters_news,https://www.reuters.com/,17,200,3874.1,True
2026-07-01T14:15:33.821054,zenrows,reuters_news,https://www.reuters.com/,18,200,15058.4,True
2026-07-01T14:15:38.093831,zenrows,reuters_news,https://www.reuters.com/,19,200,4140.3,True
2026-07-01T14:15:43.594842,zenrows,reuters_news,https://www.reuters.com/,20,200,5408.6,True
2026-07-01T14:15:58.703643,zenrows,reuters_news,https://www.reuters.com/,21,200,15013.3,True
2026-07-01T14:16:15.888409,zenrows,reuters_news,https://www.reuters.com/,22,200,17096.3,True
2026-07-01T14:16:34.516743,zenrows,reuters_news,https://www.reuters.com/,23,200,18539.3,True
2026-07-01T14:16:49.491921,zenrows,reuters_news,https://www.reuters.com/,24,200,14886.3,True
2026-07-01T14:16:59.428506,zenrows,reuters_news,https://www.reuters.com/,25,200,9823.3,True
2026-07-01T14:17:15.550024,zenrows,reuters_news,https://www.reuters.com/,26,200,16026.2,True
2026-07-01T14:17:19.314483,zenrows,reuters_news,https://www.reuters.com/,27,200,3671.2,True
2026-07-01T14:17:37.779816,zenrows,reuters_news,https://www.reuters.com/,28,200,18381.9,True
2026-07-01T14:17:50.271410,zenrows,reuters_news,https://www.reuters.com/,29,200,12398.3,True
2026-07-01T14:17:53.530979,zenrows,reuters_news,https://www.reuters.com/,30,200,3169.4,True
2026-07-01T14:17:59.813824,zenrows,reuters_news,https://www.reuters.com/,31,200,6138.0,True
2026-07-01T14:18:13.223020,zenrows,reuters_news,https://www.reuters.com/,32,200,13288.3,True
2026-07-01T14:18:20.901009,zenrows,reuters_news,https://www.reuters.com/,33,200,7611.5,True
2026-07-01T14:18:26.677385,zenrows,reuters_news,https://www.reuters.com/,34,200,5677.3,True
2026-07-01T14:18:59.889844,zenrows,reuters_news,https://www.reuters.com/,35,200,33115.7,True
2026-07-01T14:19:18.380439,zenrows,reuters_news,https://www.reuters.com/,36,200,18396.5,True
2026-07-01T14:19:57.753031,zenrows,reuters_news,https://www.reuters.com/,37,200,39281.3,True
2026-07-01T14:20:08.659274,zenrows,reuters_news,https://www.reuters.com/,38,200,10820.5,True
2026-07-01T14:20:15.959355,zenrows,reuters_news,https://www.reuters.com/,39,200,7175.1,True
2026-07-01T14:20:30.481868,zenrows,reuters_news,https://www.reuters.com/,40,200,14434.7,True
2026-07-01T14:20:51.752974,zenrows,reuters_news,https://www.reuters.com/,41,200,21175.6,True
2026-07-01T14:21:34.807651,zenrows,reuters_news,https://www.reuters.com/,42,200,42958.3,True
2026-07-01T14:21:42.138754,zenrows,reuters_news,https://www.reuters.com/,43,200,7237.2,True
2026-07-01T14:21:57.690458,zenrows,reuters_news,https://www.reuters.com/,44,200,15457.5,True
2026-07-01T14:22:13.395012,zenrows,reuters_news,https://www.reuters.com/,45,200,15587.7,True
2026-07-01T14:22:18.373736,zenrows,reuters_news,https://www.reuters.com/,46,200,4887.7,True
2026-07-01T14:22:22.835347,zenrows,reuters_news,https://www.reuters.com/,47,200,4372.6,True
2026-07-01T14:22:28.890528,zenrows,reuters_news,https://www.reuters.com/,48,200,5929.3,True
2026-07-01T14:22:36.900528,zenrows,reuters_news,https://www.reuters.com/,49,200,7937.5,True
2026-07-01T14:22:52.625454,zenrows,reuters_news,https://www.reuters.com/,50,200,15650.6,True
2026-07-01T14:23:28.652450,zenrows,reuters_news,https://www.reuters.com/,51,200,35928.7,True
2026-07-01T14:24:25.067912,zenrows,reuters_news,https://www.reuters.com/,52,200,56286.8,True
2026-07-01T14:24:57.025081,zenrows,reuters_news,https://www.reuters.com/,53,200,31868.4,True
2026-07-01T14:25:07.553661,zenrows,reuters_news,https://www.reuters.com/,54,200,10440.8,True
2026-07-01T14:25:22.412894,zenrows,reuters_news,https://www.reuters.com/,55,200,14772.2,True
2026-07-01T14:25:32.416550,zenrows,reuters_news,https://www.reuters.com/,56,200,9914.0,True
2026-07-01T14:25:40.169713,zenrows,reuters_news,https://www.reuters.com/,57,200,7663.9,True
2026-07-01T14:25:45.800375,zenrows,reuters_news,https://www.reuters.com/,58,200,5541.3,True
2026-07-01T14:25:50.713889,zenrows,reuters_news,https://www.reuters.com/,59,200,4788.8,True
2026-07-01T14:26:07.058141,zenrows,reuters_news,https://www.reuters.com/,60,200,16254.9,True
2026-07-01T14:26:12.248974,zenrows,reuters_news,https://www.reuters.com/,61,200,5099.7,True
2026-07-01T14:26:22.199740,zenrows,reuters_news,https://www.reuters.com/,62,200,9857.1,True
2026-07-01T14:26:35.148539,zenrows,reuters_news,https://www.reuters.com/,63,200,12876.2,True
2026-07-01T14:26:47.742818,zenrows,reuters_news,https://www.reuters.com/,64,200,12503.2,True
2026-07-01T14:26:55.877577,zenrows,reuters_news,https://www.reuters.com/,65,200,8017.6,True
2026-07-01T14:27:37.123566,zenrows,reuters_news,https://www.reuters.com/,66,200,41167.1,True
2026-07-01T14:27:44.332310,zenrows,reuters_news,https://www.reuters.com/,67,200,7120.8,True
2026-07-01T14:27:49.711092,zenrows,reuters_news,https://www.reuters.com/,68,200,5289.0,True
2026-07-01T14:27:56.376026,zenrows,reuters_news,https://www.reuters.com/,69,200,6573.3,True
2026-07-01T14:28:00.799016,zenrows,reuters_news,https://www.reuters.com/,70,200,4336.9,True
2026-07-01T14:28:13.601800,zenrows,reuters_news,https://www.reuters.com/,71,200,12704.8,True
2026-07-01T14:28:19.525450,zenrows,reuters_news,https://www.reuters.com/,72,200,5804.4,True
2026-07-01T14:28:26.395404,zenrows,reuters_news,https://www.reuters.com/,73,200,6780.4,True
2026-07-01T14:28:34.568422,zenrows,reuters_news,https://www.reuters.com/,74,200,8084.9,True
2026-07-01T14:29:25.827118,zenrows,reuters_news,https://www.reuters.com/,75,200,51162.4,True
2026-07-01T14:29:30.121755,zenrows,reuters_news,https://www.reuters.com/,76,200,4203.7,True
2026-07-01T14:29:53.167295,zenrows,reuters_news,https://www.reuters.com/,77,200,22967.1,True
2026-07-01T14:30:59.802968,zenrows,reuters_news,https://www.reuters.com/,78,200,66493.1,True
2026-07-01T14:31:09.886648,zenrows,reuters_news,https://www.reuters.com/,79,200,9955.8,True
2026-07-01T14:31:14.458801,zenrows,reuters_news,https://www.reuters.com/,80,200,4480.9,True
2026-07-01T14:31:20.497944,zenrows,reuters_news,https://www.reuters.com/,81,200,5949.4,True
2026-07-01T14:31:36.359036,zenrows,reuters_news,https://www.reuters.com/,82,200,15772.1,True
2026-07-01T14:31:54.234402,zenrows,reuters_news,https://www.reuters.com/,83,200,17805.8,True
2026-07-01T14:31:58.647358,zenrows,reuters_news,https://www.reuters.com/,84,200,4319.2,True
2026-07-01T14:32:02.159639,zenrows,reuters_news,https://www.reuters.com/,85,200,3447.0,True
2026-07-01T14:32:06.396702,zenrows,reuters_news,https://www.reuters.com/,86,200,4116.1,True
2026-07-01T14:32:10.608328,zenrows,reuters_news,https://www.reuters.com/,87,200,4126.4,True
2026-07-01T14:32:14.507102,zenrows,reuters_news,https://www.reuters.com/,88,200,3834.2,True
2026-07-01T14:32:17.580187,zenrows,reuters_news,https://www.reuters.com/,89,200,3001.3,True
2026-07-01T14:32:25.874716,zenrows,reuters_news,https://www.reuters.com/,90,200,8203.8,True
2026-07-01T14:32:29.438048,zenrows,reuters_news,https://www.reuters.com/,91,200,3492.6,True
2026-07-01T14:32:33.283628,zenrows,reuters_news,https://www.reuters.com/,92,200,3731.8,True
2026-07-01T14:32:37.030902,zenrows,reuters_news,https://www.reuters.com/,93,200,3657.1,True
2026-07-01T14:32:40.577215,zenrows,reuters_news,https://www.reuters.com/,94,200,3459.9,True
2026-07-01T14:32:52.195772,zenrows,reuters_news,https://www.reuters.com/,95,200,11546.0,True
2026-07-01T14:32:57.077322,zenrows,reuters_news,https://www.reuters.com/,96,200,4812.5,True
2026-07-01T14:32:59.707959,zenrows,reuters_news,https://www.reuters.com/,97,200,2564.1,True
2026-07-01T14:33:05.645556,zenrows,reuters_news,https://www.reuters.com/,98,200,5867.9,True
2026-07-01T14:33:08.751882,zenrows,reuters_news,https://www.reuters.com/,99,200,3012.6,True
2026-07-01T14:33:15.592801,zenrows,reuters_news,https://www.reuters.com/,100,200,6772.8,True
2026-07-01T14:33:19.931737,zyte,reuters_news,https://www.reuters.com/,1,200,4265.2,True
2026-07-01T14:33:23.371674,zyte,reuters_news,https://www.reuters.com/,2,200,3364.5,True
2026-07-01T14:33:50.176938,zyte,reuters_news,https://www.reuters.com/,3,200,26715.4,True
2026-07-01T14:34:45.939319,zyte,reuters_news,https://www.reuters.com/,4,520,55759.8,False
2026-07-01T14:35:00.200739,zyte,reuters_news,https://www.reuters.com/,5,200,14172.4,True
2026-07-01T14:35:19.155184,zyte,reuters_news,https://www.reuters.com/,6,520,18952.0,False
2026-07-01T14:35:33.635799,zyte,reuters_news,https://www.reuters.com/,7,200,14386.1,True
2026-07-01T14:35:37.336226,zyte,reuters_news,https://www.reuters.com/,8,200,3583.1,True
2026-07-01T14:35:41.092726,zyte,reuters_news,https://www.reuters.com/,9,200,3663.9,True
2026-07-01T14:35:57.884930,zyte,reuters_news,https://www.reuters.com/,10,520,16787.8,False
2026-07-01T14:36:54.960881,zyte,reuters_news,https://www.reuters.com/,11,200,56976.9,True
2026-07-01T14:37:24.158237,zyte,reuters_news,https://www.reuters.com/,12,520,29194.0,False
2026-07-01T14:37:58.203663,zyte,reuters_news,https://www.reuters.com/,13,200,33953.2,True
2026-07-01T14:38:02.209941,zyte,reuters_news,https://www.reuters.com/,14,200,3912.5,True
2026-07-01T14:38:50.731027,zyte,reuters_news,https://www.reuters.com/,15,520,48517.7,False
2026-07-01T14:39:07.946841,zyte,reuters_news,https://www.reuters.com/,16,200,17119.5,True
2026-07-01T14:39:23.905337,zyte,reuters_news,https://www.reuters.com/,17,200,15839.6,True
2026-07-01T14:39:27.418014,zyte,reuters_news,https://www.reuters.com/,18,200,3420.6,True
2026-07-01T14:40:02.907709,zyte,reuters_news,https://www.reuters.com/,19,200,35385.5,True
2026-07-01T14:40:23.091719,zyte,reuters_news,https://www.reuters.com/,20,200,20095.9,True
2026-07-01T14:40:44.737420,zyte,reuters_news,https://www.reuters.com/,21,200,21558.5,True
2026-07-01T14:41:46.293463,zyte,reuters_news,https://www.reuters.com/,22,200,61458.6,True
2026-07-01T14:42:00.966086,zyte,reuters_news,https://www.reuters.com/,23,200,14569.4,True
2026-07-01T14:42:17.408613,zyte,reuters_news,https://www.reuters.com/,24,520,16440.3,False
2026-07-01T14:43:18.005338,zyte,reuters_news,https://www.reuters.com/,25,520,60513.7,False
2026-07-01T14:44:04.247780,zyte,reuters_news,https://www.reuters.com/,26,520,46239.5,False
2026-07-01T14:44:32.921064,zyte,reuters_news,https://www.reuters.com/,27,520,28670.3,False
2026-07-01T14:45:35.910752,zyte,reuters_news,https://www.reuters.com/,28,520,62988.3,False
2026-07-01T14:46:37.417566,zyte,reuters_news,https://www.reuters.com/,29,0,61507.0,False
2026-07-01T14:46:44.366514,zyte,reuters_news,https://www.reuters.com/,30,200,6838.9,True
2026-07-01T14:47:17.938530,zyte,reuters_news,https://www.reuters.com/,31,520,33569.3,False
2026-07-01T14:48:48.241914,zyte,reuters_news,https://www.reuters.com/,32,520,16040.5,False
2026-07-01T14:49:04.504717,zyte,reuters_news,https://www.reuters.com/,33,200,16197.0,True
2026-07-01T14:49:20.597853,zyte,reuters_news,https://www.reuters.com/,34,520,16094.4,False
2026-07-01T14:49:28.698779,zyte,reuters_news,https://www.reuters.com/,35,200,8025.3,True
2026-07-01T14:50:02.146545,zyte,reuters_news,https://www.reuters.com/,36,200,33371.2,True
2026-07-01T14:50:22.683933,zyte,reuters_news,https://www.reuters.com/,37,520,20535.4,False
2026-07-01T14:50:31.628807,zyte,reuters_news,https://www.reuters.com/,38,200,8845.8,True
2026-07-01T14:51:04.252646,zyte,reuters_news,https://www.reuters.com/,39,200,32528.3,True
2026-07-01T14:52:06.360780,zyte,reuters_news,https://www.reuters.com/,40,0,62107.4,False
2026-07-01T14:52:21.471559,zyte,reuters_news,https://www.reuters.com/,41,200,15029.0,True
2026-07-01T14:53:19.086686,zyte,reuters_news,https://www.reuters.com/,42,200,53175.7,True
2026-07-01T14:54:28.423723,zyte,reuters_news,https://www.reuters.com/,43,200,69232.9,True
2026-07-01T14:54:53.636637,zyte,reuters_news,https://www.reuters.com/,44,520,25210.7,False
2026-07-01T14:55:31.745189,zyte,reuters_news,https://www.reuters.com/,45,200,38030.8,True
2026-07-01T14:56:20.288879,zyte,reuters_news,https://www.reuters.com/,46,520,48541.0,False
2026-07-01T14:56:39.786163,zyte,reuters_news,https://www.reuters.com/,47,200,19395.3,True
2026-07-01T14:57:17.886748,zyte,reuters_news,https://www.reuters.com/,48,520,38093.9,False
2026-07-01T14:58:11.053454,zyte,reuters_news,https://www.reuters.com/,49,200,53065.1,True
2026-07-01T14:58:15.681831,zyte,reuters_news,https://www.reuters.com/,50,200,4533.4,True
2026-07-01T14:58:19.412914,zyte,reuters_news,https://www.reuters.com/,51,200,3596.8,True
2026-07-01T14:58:40.578640,zyte,reuters_news,https://www.reuters.com/,52,200,21198.5,True
2026-07-01T14:58:46.099258,zyte,reuters_news,https://www.reuters.com/,53,200,5435.4,True
2026-07-01T14:58:51.303077,zyte,reuters_news,https://www.reuters.com/,54,200,5116.0,True
2026-07-01T14:58:56.432504,zyte,reuters_news,https://www.reuters.com/,55,200,5036.4,True
2026-07-01T14:59:55.514493,zyte,reuters_news,https://www.reuters.com/,56,200,59004.9,True
2026-07-01T15:00:15.609598,zyte,reuters_news,https://www.reuters.com/,57,200,20009.0,True
2026-07-01T15:00:52.876789,zyte,reuters_news,https://www.reuters.com/,58,520,37265.3,False
2026-07-01T15:02:07.548637,zyte,reuters_news,https://www.reuters.com/,59,200,74544.6,True
2026-07-01T15:02:45.659717,zyte,reuters_news,https://www.reuters.com/,60,200,38028.4,True
2026-07-01T15:03:09.791637,zyte,reuters_news,https://www.reuters.com/,61,200,24040.7,True
2026-07-01T15:03:27.100509,zyte,reuters_news,https://www.reuters.com/,62,520,17305.8,False
2026-07-01T15:03:44.772753,zyte,reuters_news,https://www.reuters.com/,63,520,17666.6,False
2026-07-01T15:03:48.983815,zyte,reuters_news,https://www.reuters.com/,64,200,4120.7,True
2026-07-01T15:03:53.563084,zyte,reuters_news,https://www.reuters.com/,65,200,4467.3,True
2026-07-01T15:04:14.297837,zyte,reuters_news,https://www.reuters.com/,66,520,20728.9,False
2026-07-01T15:04:59.878632,zyte,reuters_news,https://www.reuters.com/,67,200,45490.2,True
2026-07-01T15:05:17.814061,zyte,reuters_news,https://www.reuters.com/,68,200,17841.6,True
2026-07-01T15:05:24.880367,zyte,reuters_news,https://www.reuters.com/,69,200,6955.0,True
2026-07-01T15:05:36.077688,zyte,reuters_news,https://www.reuters.com/,70,200,11096.5,True
2026-07-01T15:06:11.044473,zyte,reuters_news,https://www.reuters.com/,71,200,34872.5,True
2026-07-01T15:06:23.608852,zyte,reuters_news,https://www.reuters.com/,72,200,12473.6,True
2026-07-01T15:07:45.123297,zyte,reuters_news,https://www.reuters.com/,73,200,81425.0,True
2026-07-01T15:08:00.974708,zyte,reuters_news,https://www.reuters.com/,74,200,15756.7,True
2026-07-01T15:09:05.828563,zyte,reuters_news,https://www.reuters.com/,75,200,64760.9,True
2026-07-01T15:10:23.648563,zyte,reuters_news,https://www.reuters.com/,76,0,77820.3,False
2026-07-01T15:10:54.977037,zyte,reuters_news,https://www.reuters.com/,77,520,31325.1,False
2026-07-01T15:11:50.228913,zyte,reuters_news,https://www.reuters.com/,78,200,55107.7,True
2026-07-01T15:12:56.551195,zyte,reuters_news,https://www.reuters.com/,79,0,66323.4,False
2026-07-01T15:13:28.479525,zyte,reuters_news,https://www.reuters.com/,80,200,31849.3,True
2026-07-01T15:13:48.898399,zyte,reuters_news,https://www.reuters.com/,81,200,20246.7,True
2026-07-01T15:14:07.296075,zyte,reuters_news,https://www.reuters.com/,82,200,18297.9,True
2026-07-01T15:14:26.391722,zyte,reuters_news,https://www.reuters.com/,83,200,19001.9,True
2026-07-01T15:14:43.755926,zyte,reuters_news,https://www.reuters.com/,84,520,17361.1,False
2026-07-01T15:14:49.579822,zyte,reuters_news,https://www.reuters.com/,85,200,5727.4,True
2026-07-01T15:15:13.360904,zyte,reuters_news,https://www.reuters.com/,86,200,23650.6,True
2026-07-01T15:15:33.300652,zyte,reuters_news,https://www.reuters.com/,87,520,19934.0,False
2026-07-01T15:16:36.554006,zyte,reuters_news,https://www.reuters.com/,88,0,63253.8,False
2026-07-01T15:16:51.254592,zyte,reuters_news,https://www.reuters.com/,89,520,14695.6,False
2026-07-01T15:17:09.025875,zyte,reuters_news,https://www.reuters.com/,90,200,17679.6,True
2026-07-01T15:17:22.808431,zyte,reuters_news,https://www.reuters.com/,91,200,13683.6,True
2026-07-01T15:17:26.436135,zyte,reuters_news,https://www.reuters.com/,92,200,3528.4,True
2026-07-01T15:17:51.546312,zyte,reuters_news,https://www.reuters.com/,93,200,25019.6,True
2026-07-01T15:18:05.889659,zyte,reuters_news,https://www.reuters.com/,94,200,14255.4,True
2026-07-01T15:18:31.346626,zyte,reuters_news,https://www.reuters.com/,95,520,25455.3,False
2026-07-01T15:18:46.288198,zyte,reuters_news,https://www.reuters.com/,96,200,14848.4,True
2026-07-01T15:19:02.325294,zyte,reuters_news,https://www.reuters.com/,97,200,15915.2,True
2026-07-01T15:19:20.747755,zyte,reuters_news,https://www.reuters.com/,98,520,18417.8,False
2026-07-01T15:19:37.726860,zyte,reuters_news,https://www.reuters.com/,99,200,16898.0,True
2026-07-01T15:19:40.678063,zyte,reuters_news,https://www.reuters.com/,100,200,2862.1,True
2026-07-01T15:19:42.193962,zenrows,python_docs,https://docs.python.org/3/,1,200,1475.7,True
2026-07-01T15:19:43.371675,zenrows,python_docs,https://docs.python.org/3/,2,200,1147.2,True
2026-07-01T15:19:44.694178,zenrows,python_docs,https://docs.python.org/3/,3,200,1275.5,True
2026-07-01T15:19:47.181993,zenrows,python_docs,https://docs.python.org/3/,4,200,2458.4,True
2026-07-01T15:19:48.639466,zenrows,python_docs,https://docs.python.org/3/,5,200,1433.3,True
2026-07-01T15:19:50.670041,zenrows,python_docs,https://docs.python.org/3/,6,200,2016.4,True
2026-07-01T15:19:52.010446,zenrows,python_docs,https://docs.python.org/3/,7,200,1322.9,True
2026-07-01T15:19:53.278347,zenrows,python_docs,https://docs.python.org/3/,8,200,1248.6,True
2026-07-01T15:19:55.501367,zenrows,python_docs,https://docs.python.org/3/,9,200,2188.1,True
2026-07-01T15:19:57.343348,zenrows,python_docs,https://docs.python.org/3/,10,200,1811.2,True
2026-07-01T15:19:58.535480,zenrows,python_docs,https://docs.python.org/3/,11,200,1158.0,True
2026-07-01T15:20:00.088797,zenrows,python_docs,https://docs.python.org/3/,12,200,1524.7,True
2026-07-01T15:20:02.554310,zenrows,python_docs,https://docs.python.org/3/,13,200,2438.5,True
2026-07-01T15:20:04.086068,zenrows,python_docs,https://docs.python.org/3/,14,200,1503.6,True
2026-07-01T15:20:05.782993,zenrows,python_docs,https://docs.python.org/3/,15,200,1666.6,True
2026-07-01T15:20:07.374770,zenrows,python_docs,https://docs.python.org/3/,16,200,1560.1,True
2026-07-01T15:20:09.574540,zenrows,python_docs,https://docs.python.org/3/,17,200,2172.9,True
2026-07-01T15:20:11.172877,zenrows,python_docs,https://docs.python.org/3/,18,200,1563.8,True
2026-07-01T15:20:12.645471,zenrows,python_docs,https://docs.python.org/3/,19,200,1444.4,True
2026-07-01T15:20:13.883728,zenrows,python_docs,https://docs.python.org/3/,20,200,1201.8,True
2026-07-01T15:20:15.865283,zenrows,python_docs,https://docs.python.org/3/,21,200,1949.4,True
2026-07-01T15:20:17.180521,zenrows,python_docs,https://docs.python.org/3/,22,200,1280.2,True
2026-07-01T15:20:21.325362,zenrows,python_docs,https://docs.python.org/3/,23,200,4110.4,True
2026-07-01T15:20:23.717824,zenrows,python_docs,https://docs.python.org/3/,24,200,2352.9,True
2026-07-01T15:20:25.115536,zenrows,python_docs,https://docs.python.org/3/,25,200,1367.5,True
2026-07-01T15:20:28.392784,zenrows,python_docs,https://docs.python.org/3/,26,200,3250.0,True
2026-07-01T15:20:31.970491,zenrows,python_docs,https://docs.python.org/3/,27,200,3549.5,True
2026-07-01T15:20:35.680928,zenrows,python_docs,https://docs.python.org/3/,28,200,3679.9,True
2026-07-01T15:20:37.072102,zenrows,python_docs,https://docs.python.org/3/,29,200,1356.2,True
2026-07-01T15:20:40.468739,zenrows,python_docs,https://docs.python.org/3/,30,200,3363.4,True
2026-07-01T15:20:43.289135,zenrows,python_docs,https://docs.python.org/3/,31,200,2792.8,True
2026-07-01T15:20:45.056955,zenrows,python_docs,https://docs.python.org/3/,32,200,1741.4,True
2026-07-01T15:20:47.303575,zenrows,python_docs,https://docs.python.org/3/,33,200,2222.5,True
2026-07-01T15:20:49.555703,zenrows,python_docs,https://docs.python.org/3/,34,200,2223.9,True
2026-07-01T15:20:51.577165,zenrows,python_docs,https://docs.python.org/3/,35,200,1988.5,True
2026-07-01T15:20:55.675249,zenrows,python_docs,https://docs.python.org/3/,36,200,4074.5,True
2026-07-01T15:20:58.161045,zenrows,python_docs,https://docs.python.org/3/,37,200,2457.6,True
2026-07-01T15:20:59.450948,zenrows,python_docs,https://docs.python.org/3/,38,200,1262.8,True
2026-07-01T15:21:04.798626,zenrows,python_docs,https://docs.python.org/3/,39,200,5309.4,True
2026-07-01T15:21:06.303530,zenrows,python_docs,https://docs.python.org/3/,40,200,1472.5,True
2026-07-01T15:21:09.701180,zenrows,python_docs,https://docs.python.org/3/,41,200,3361.4,True
2026-07-01T15:21:12.065245,zenrows,python_docs,https://docs.python.org/3/,42,200,2330.6,True
2026-07-01T15:21:14.452893,zenrows,python_docs,https://docs.python.org/3/,43,200,2364.4,True
2026-07-01T15:21:16.583930,zenrows,python_docs,https://docs.python.org/3/,44,200,2099.4,True
2026-07-01T15:21:18.393560,zenrows,python_docs,https://docs.python.org/3/,45,200,1781.6,True
2026-07-01T15:21:20.778920,zenrows,python_docs,https://docs.python.org/3/,46,200,2358.6,True
2026-07-01T15:21:22.462239,zenrows,python_docs,https://docs.python.org/3/,47,200,1653.3,True
2026-07-01T15:21:24.496592,zenrows,python_docs,https://docs.python.org/3/,48,200,2001.7,True
2026-07-01T15:21:27.880593,zenrows,python_docs,https://docs.python.org/3/,49,200,3352.2,True
2026-07-01T15:21:29.668496,zenrows,python_docs,https://docs.python.org/3/,50,200,1761.0,True
2026-07-01T15:21:31.690914,zenrows,python_docs,https://docs.python.org/3/,51,200,1992.2,True
2026-07-01T15:21:35.570816,zenrows,python_docs,https://docs.python.org/3/,52,200,3849.8,True
2026-07-01T15:21:39.083244,zenrows,python_docs,https://docs.python.org/3/,53,200,3472.7,True
2026-07-01T15:21:41.908214,zenrows,python_docs,https://docs.python.org/3/,54,200,2798.2,True
2026-07-01T15:21:43.225647,zenrows,python_docs,https://docs.python.org/3/,55,200,1283.2,True
2026-07-01T15:21:46.168143,zenrows,python_docs,https://docs.python.org/3/,56,200,2916.2,True
2026-07-01T15:21:47.507017,zenrows,python_docs,https://docs.python.org/3/,57,200,1305.9,True
2026-07-01T15:21:50.206869,zenrows,python_docs,https://docs.python.org/3/,58,200,2669.6,True
2026-07-01T15:21:51.982043,zenrows,python_docs,https://docs.python.org/3/,59,200,1749.6,True
2026-07-01T15:21:54.306846,zenrows,python_docs,https://docs.python.org/3/,60,200,2295.5,True
2026-07-01T15:21:57.285447,zenrows,python_docs,https://docs.python.org/3/,61,200,2944.6,True
2026-07-01T15:22:00.275310,zenrows,python_docs,https://docs.python.org/3/,62,200,2960.4,True
2026-07-01T15:22:02.258324,zenrows,python_docs,https://docs.python.org/3/,63,200,1952.2,True
2026-07-01T15:22:04.487655,zenrows,python_docs,https://docs.python.org/3/,64,200,2203.5,True
2026-07-01T15:22:06.071508,zenrows,python_docs,https://docs.python.org/3/,65,200,1556.0,True
2026-07-01T15:22:07.993104,zenrows,python_docs,https://docs.python.org/3/,66,200,1886.6,True
2026-07-01T15:22:09.976372,zenrows,python_docs,https://docs.python.org/3/,67,200,1959.3,True
2026-07-01T15:22:11.497754,zenrows,python_docs,https://docs.python.org/3/,68,200,1494.9,True
2026-07-01T15:22:13.889344,zenrows,python_docs,https://docs.python.org/3/,69,200,2357.5,True
2026-07-01T15:22:15.981536,zenrows,python_docs,https://docs.python.org/3/,70,200,2057.1,True
2026-07-01T15:22:18.469042,zenrows,python_docs,https://docs.python.org/3/,71,200,2452.9,True
2026-07-01T15:22:19.989959,zenrows,python_docs,https://docs.python.org/3/,72,200,1498.8,True
2026-07-01T15:22:23.704223,zenrows,python_docs,https://docs.python.org/3/,73,200,3681.6,True
2026-07-01T15:22:25.398013,zenrows,python_docs,https://docs.python.org/3/,74,200,1666.2,True
2026-07-01T15:22:27.492795,zenrows,python_docs,https://docs.python.org/3/,75,200,2060.8,True
2026-07-01T15:22:32.065419,zenrows,python_docs,https://docs.python.org/3/,76,200,4540.5,True
2026-07-01T15:22:36.586360,zenrows,python_docs,https://docs.python.org/3/,77,200,4494.7,True
2026-07-01T15:22:38.037666,zenrows,python_docs,https://docs.python.org/3/,78,200,1410.8,True
2026-07-01T15:22:39.414259,zenrows,python_docs,https://docs.python.org/3/,79,200,1343.5,True
2026-07-01T15:22:40.685633,zenrows,python_docs,https://docs.python.org/3/,80,200,1237.6,True
2026-07-01T15:22:42.172593,zenrows,python_docs,https://docs.python.org/3/,81,200,1454.5,True
2026-07-01T15:22:43.507568,zenrows,python_docs,https://docs.python.org/3/,82,200,1299.5,True
2026-07-01T15:22:44.740164,zenrows,python_docs,https://docs.python.org/3/,83,200,1205.7,True
2026-07-01T15:22:46.733351,zenrows,python_docs,https://docs.python.org/3/,84,200,1973.7,True
2026-07-01T15:22:48.320219,zenrows,python_docs,https://docs.python.org/3/,85,200,1539.6,True
2026-07-01T15:22:50.475099,zenrows,python_docs,https://docs.python.org/3/,86,200,2118.5,True
2026-07-01T15:22:51.982840,zenrows,python_docs,https://docs.python.org/3/,87,200,1476.9,True
2026-07-01T15:22:53.558138,zenrows,python_docs,https://docs.python.org/3/,88,200,1545.7,True
2026-07-01T15:22:55.074966,zenrows,python_docs,https://docs.python.org/3/,89,200,1488.8,True
2026-07-01T15:22:56.583222,zenrows,python_docs,https://docs.python.org/3/,90,200,1472.4,True
2026-07-01T15:22:57.897121,zenrows,python_docs,https://docs.python.org/3/,91,200,1288.0,True
2026-07-01T15:22:59.292096,zenrows,python_docs,https://docs.python.org/3/,92,200,1364.8,True
2026-07-01T15:23:00.763474,zenrows,python_docs,https://docs.python.org/3/,93,200,1438.3,True
2026-07-01T15:23:01.962261,zenrows,python_docs,https://docs.python.org/3/,94,200,1170.7,True
2026-07-01T15:23:04.175712,zenrows,python_docs,https://docs.python.org/3/,95,200,2180.9,True
2026-07-01T15:23:05.853206,zenrows,python_docs,https://docs.python.org/3/,96,200,1650.2,True
2026-07-01T15:23:07.772423,zenrows,python_docs,https://docs.python.org/3/,97,200,1885.2,True
2026-07-01T15:23:09.176394,zenrows,python_docs,https://docs.python.org/3/,98,200,1383.0,True
2026-07-01T15:23:10.431091,zenrows,python_docs,https://docs.python.org/3/,99,200,1230.0,True
2026-07-01T15:23:11.907087,zenrows,python_docs,https://docs.python.org/3/,100,200,1456.0,True
2026-07-01T15:23:14.656600,zyte,python_docs,https://docs.python.org/3/,1,200,2720.4,True
2026-07-01T15:23:16.032993,zyte,python_docs,https://docs.python.org/3/,2,200,1345.9,True
2026-07-01T15:23:17.769309,zyte,python_docs,https://docs.python.org/3/,3,200,1713.0,True
2026-07-01T15:23:20.169843,zyte,python_docs,https://docs.python.org/3/,4,200,2378.1,True
2026-07-01T15:23:22.615483,zyte,python_docs,https://docs.python.org/3/,5,200,2430.4,True
2026-07-01T15:23:31.410606,zyte,python_docs,https://docs.python.org/3/,6,200,8770.4,True
2026-07-01T15:23:41.032774,zyte,python_docs,https://docs.python.org/3/,7,200,9587.7,True
2026-07-01T15:23:42.702737,zyte,python_docs,https://docs.python.org/3/,8,200,1644.0,True
2026-07-01T15:23:44.144885,zyte,python_docs,https://docs.python.org/3/,9,200,1406.5,True
2026-07-01T15:23:45.610449,zyte,python_docs,https://docs.python.org/3/,10,200,1432.8,True
2026-07-01T15:23:47.129089,zyte,python_docs,https://docs.python.org/3/,11,200,1493.7,True
2026-07-01T15:23:48.314138,zyte,python_docs,https://docs.python.org/3/,12,200,1160.1,True
2026-07-01T15:23:51.265942,zyte,python_docs,https://docs.python.org/3/,13,200,2914.1,True
2026-07-01T15:23:52.643260,zyte,python_docs,https://docs.python.org/3/,14,200,1343.4,True
2026-07-01T15:23:57.527135,zyte,python_docs,https://docs.python.org/3/,15,200,4846.6,True
2026-07-01T15:23:59.138276,zyte,python_docs,https://docs.python.org/3/,16,200,1574.1,True
2026-07-01T15:24:01.193187,zyte,python_docs,https://docs.python.org/3/,17,200,1993.2,True
2026-07-01T15:24:02.463077,zyte,python_docs,https://docs.python.org/3/,18,200,1235.1,True
2026-07-01T15:24:03.838571,zyte,python_docs,https://docs.python.org/3/,19,200,1343.8,True
2026-07-01T15:24:05.165392,zyte,python_docs,https://docs.python.org/3/,20,200,1299.2,True
2026-07-01T15:24:08.291817,zyte,python_docs,https://docs.python.org/3/,21,200,3090.8,True
2026-07-01T15:24:10.603514,zyte,python_docs,https://docs.python.org/3/,22,200,2278.4,True
2026-07-01T15:24:22.088242,zyte,python_docs,https://docs.python.org/3/,23,200,11466.7,True
2026-07-01T15:24:23.677978,zyte,python_docs,https://docs.python.org/3/,24,200,1565.3,True
2026-07-01T15:24:24.920340,zyte,python_docs,https://docs.python.org/3/,25,200,1210.0,True
2026-07-01T15:24:26.785587,zyte,python_docs,https://docs.python.org/3/,26,200,1830.5,True
2026-07-01T15:24:29.067523,zyte,python_docs,https://docs.python.org/3/,27,200,2247.9,True
2026-07-01T15:24:30.555333,zyte,python_docs,https://docs.python.org/3/,28,200,1450.9,True
2026-07-01T15:24:31.998172,zyte,python_docs,https://docs.python.org/3/,29,200,1412.7,True
2026-07-01T15:24:35.416351,zyte,python_docs,https://docs.python.org/3/,30,200,3384.9,True
2026-07-01T15:24:46.159009,zyte,python_docs,https://docs.python.org/3/,31,200,10726.4,True
2026-07-01T15:24:47.529707,zyte,python_docs,https://docs.python.org/3/,32,200,1343.7,True
2026-07-01T15:24:49.482685,zyte,python_docs,https://docs.python.org/3/,33,200,1930.4,True
2026-07-01T15:24:53.541230,zyte,python_docs,https://docs.python.org/3/,34,200,4036.0,True
2026-07-01T15:24:55.258293,zyte,python_docs,https://docs.python.org/3/,35,200,1685.3,True
2026-07-01T15:24:57.229464,zyte,python_docs,https://docs.python.org/3/,36,200,1935.6,True
2026-07-01T15:24:59.188424,zyte,python_docs,https://docs.python.org/3/,37,200,1920.5,True
2026-07-01T15:25:00.509049,zyte,python_docs,https://docs.python.org/3/,38,200,1281.2,True
2026-07-01T15:25:02.831799,zyte,python_docs,https://docs.python.org/3/,39,200,2286.7,True
2026-07-01T15:25:04.334041,zyte,python_docs,https://docs.python.org/3/,40,200,1472.0,True
2026-07-01T15:25:05.834477,zyte,python_docs,https://docs.python.org/3/,41,200,1464.6,True
2026-07-01T15:25:07.386355,zyte,python_docs,https://docs.python.org/3/,42,200,1519.4,True
2026-07-01T15:25:08.922268,zyte,python_docs,https://docs.python.org/3/,43,200,1497.2,True
2026-07-01T15:25:11.439801,zyte,python_docs,https://docs.python.org/3/,44,200,2481.3,True
2026-07-01T15:25:14.012589,zyte,python_docs,https://docs.python.org/3/,45,200,2537.0,True
2026-07-01T15:25:15.593012,zyte,python_docs,https://docs.python.org/3/,46,200,1545.4,True
2026-07-01T15:25:26.561678,zyte,python_docs,https://docs.python.org/3/,47,200,10947.3,True
2026-07-01T15:25:27.980984,zyte,python_docs,https://docs.python.org/3/,48,200,1385.0,True
2026-07-01T15:25:31.447766,zyte,python_docs,https://docs.python.org/3/,49,200,3416.8,True
2026-07-01T15:25:33.051321,zyte,python_docs,https://docs.python.org/3/,50,200,1586.1,True
2026-07-01T15:25:34.556381,zyte,python_docs,https://docs.python.org/3/,51,200,1480.1,True
2026-07-01T15:25:36.390870,zyte,python_docs,https://docs.python.org/3/,52,200,1797.9,True
2026-07-01T15:25:40.188216,zyte,python_docs,https://docs.python.org/3/,53,200,3764.7,True
2026-07-01T15:25:42.121550,zyte,python_docs,https://docs.python.org/3/,54,200,1907.2,True
2026-07-01T15:25:43.977531,zyte,python_docs,https://docs.python.org/3/,55,200,1829.2,True
2026-07-01T15:25:45.514589,zyte,python_docs,https://docs.python.org/3/,56,200,1506.1,True
2026-07-01T15:25:47.810711,zyte,python_docs,https://docs.python.org/3/,57,200,2255.2,True
2026-07-01T15:25:52.792201,zyte,python_docs,https://docs.python.org/3/,58,200,4951.0,True
2026-07-01T15:25:54.179903,zyte,python_docs,https://docs.python.org/3/,59,200,1355.5,True
2026-07-01T15:25:55.928366,zyte,python_docs,https://docs.python.org/3/,60,200,1714.1,True
2026-07-01T15:25:57.668549,zyte,python_docs,https://docs.python.org/3/,61,200,1711.3,True
2026-07-01T15:26:00.711971,zyte,python_docs,https://docs.python.org/3/,62,200,3009.6,True
2026-07-01T15:26:04.284377,zyte,python_docs,https://docs.python.org/3/,63,200,3540.2,True
2026-07-01T15:26:14.438989,zyte,python_docs,https://docs.python.org/3/,64,200,10117.1,True
2026-07-01T15:26:18.511060,zyte,python_docs,https://docs.python.org/3/,65,200,4041.0,True
2026-07-01T15:26:22.548296,zyte,python_docs,https://docs.python.org/3/,66,200,4000.5,True
2026-07-01T15:26:27.180535,zyte,python_docs,https://docs.python.org/3/,67,200,4598.0,True
2026-07-01T15:26:30.408714,zyte,python_docs,https://docs.python.org/3/,68,200,3208.8,True
2026-07-01T15:26:31.897110,zyte,python_docs,https://docs.python.org/3/,69,200,1458.3,True
2026-07-01T15:26:33.359427,zyte,python_docs,https://docs.python.org/3/,70,200,1429.6,True
2026-07-01T15:26:34.747479,zyte,python_docs,https://docs.python.org/3/,71,200,1357.8,True
2026-07-01T15:26:36.280951,zyte,python_docs,https://docs.python.org/3/,72,200,1502.5,True
2026-07-01T15:26:39.440507,zyte,python_docs,https://docs.python.org/3/,73,200,3132.4,True
2026-07-01T15:26:40.811040,zyte,python_docs,https://docs.python.org/3/,74,200,1337.5,True
2026-07-01T15:26:45.183394,zyte,python_docs,https://docs.python.org/3/,75,200,4339.8,True
2026-07-01T15:26:46.403277,zyte,python_docs,https://docs.python.org/3/,76,200,1184.4,True
2026-07-01T15:26:47.818820,zyte,python_docs,https://docs.python.org/3/,77,200,1389.8,True
2026-07-01T15:26:49.199087,zyte,python_docs,https://docs.python.org/3/,78,200,1353.7,True
2026-07-01T15:26:50.542045,zyte,python_docs,https://docs.python.org/3/,79,200,1314.3,True
2026-07-01T15:26:52.136922,zyte,python_docs,https://docs.python.org/3/,80,200,1563.4,True
2026-07-01T15:26:53.561482,zyte,python_docs,https://docs.python.org/3/,81,200,1362.3,True
2026-07-01T15:26:54.892639,zyte,python_docs,https://docs.python.org/3/,82,200,1297.8,True
2026-07-01T15:26:56.271094,zyte,python_docs,https://docs.python.org/3/,83,200,1350.0,True
2026-07-01T15:26:58.187741,zyte,python_docs,https://docs.python.org/3/,84,200,1877.8,True
2026-07-01T15:27:00.702401,zyte,python_docs,https://docs.python.org/3/,85,200,2484.8,True
2026-07-01T15:27:02.090575,zyte,python_docs,https://docs.python.org/3/,86,200,1355.2,True
2026-07-01T15:27:03.430744,zyte,python_docs,https://docs.python.org/3/,87,200,1307.8,True
2026-07-01T15:27:05.078941,zyte,python_docs,https://docs.python.org/3/,88,200,1615.9,True
2026-07-01T15:27:06.615294,zyte,python_docs,https://docs.python.org/3/,89,200,1504.5,True
2026-07-01T15:27:09.559073,zyte,python_docs,https://docs.python.org/3/,90,200,2913.6,True
2026-07-01T15:27:10.861279,zyte,python_docs,https://docs.python.org/3/,91,200,1269.7,True
2026-07-01T15:27:12.313825,zyte,python_docs,https://docs.python.org/3/,92,200,1418.4,True
2026-07-01T15:27:21.140843,zyte,python_docs,https://docs.python.org/3/,93,200,8794.1,True
2026-07-01T15:27:22.481681,zyte,python_docs,https://docs.python.org/3/,94,200,1306.0,True
2026-07-01T15:27:23.823062,zyte,python_docs,https://docs.python.org/3/,95,200,1303.6,True
2026-07-01T15:27:25.199126,zyte,python_docs,https://docs.python.org/3/,96,200,1350.4,True
2026-07-01T15:27:26.865037,zyte,python_docs,https://docs.python.org/3/,97,200,1636.4,True
2026-07-01T15:27:28.187099,zyte,python_docs,https://docs.python.org/3/,98,200,1290.1,True
2026-07-01T15:27:29.723276,zyte,python_docs,https://docs.python.org/3/,99,200,1507.2,True
2026-07-01T15:27:31.070945,zyte,python_docs,https://docs.python.org/3/,100,200,1318.1,True
2026-07-01T15:28:06.031661,zenrows,linkedin_profile,https://www.linkedin.com/in/hamna-ghufran/,1,200,34802.1,True
2026-07-01T15:28:42.855927,zenrows,linkedin_profile,https://www.linkedin.com/in/hamna-ghufran/,2,200,36673.9,True
2026-07-01T15:29:37.929788,zenrows,linkedin_profile,https://www.linkedin.com/in/hamna-ghufran/,3,200,54866.6,True
2026-07-01T15:30:07.244945,zenrows,linkedin_profile,https://www.linkedin.com/in/hamna-ghufran/,4,200,29161.3,True
2026-07-01T15:30:44.420466,zenrows,linkedin_profile,https://www.linkedin.com/in/hamna-ghufran/,5,200,36971.7,True
2026-07-01T15:31:15.994015,zenrows,linkedin_profile,https://www.linkedin.com/in/hamna-ghufran/,6,200,31427.9,True
2026-07-01T15:31:38.239229,zenrows,linkedin_profile,https://www.linkedin.com/in/hamna-ghufran/,7,200,22090.3,True
2026-07-01T15:32:38.995036,zenrows,linkedin_profile,https://www.linkedin.com/in/hamna-ghufran/,8,0,60755.8,False
2026-07-01T15:33:18.951292,zenrows,linkedin_profile,https://www.linkedin.com/in/hamna-ghufran/,9,200,39794.4,True
2026-07-01T15:34:21.152902,zenrows,linkedin_profile,https://www.linkedin.com/in/hamna-ghufran/,10,0,62201.7,False
2026-07-01T15:34:55.571553,zenrows,linkedin_profile,https://www.linkedin.com/in/hamna-ghufran/,11,200,34322.4,True
2026-07-01T15:35:19.892822,zenrows,linkedin_profile,https://www.linkedin.com/in/hamna-ghufran/,12,200,24174.0,True
2026-07-01T15:35:36.964584,zenrows,linkedin_profile,https://www.linkedin.com/in/hamna-ghufran/,13,200,16997.0,True
2026-07-01T15:36:01.256218,zenrows,linkedin_profile,https://www.linkedin.com/in/hamna-ghufran/,14,200,24137.1,True
2026-07-01T15:36:36.919413,zenrows,linkedin_profile,https://www.linkedin.com/in/hamna-ghufran/,15,200,35595.9,True
2026-07-01T15:37:07.853643,zenrows,linkedin_profile,https://www.linkedin.com/in/hamna-ghufran/,16,200,30776.4,True
2026-07-01T15:37:47.111271,zenrows,linkedin_profile,https://www.linkedin.com/in/hamna-ghufran/,17,200,39107.3,True
2026-07-01T15:38:14.378840,zenrows,linkedin_profile,https://www.linkedin.com/in/hamna-ghufran/,18,200,27085.0,True
2026-07-01T15:38:35.105560,zenrows,linkedin_profile,https://www.linkedin.com/in/hamna-ghufran/,19,200,20636.9,True
2026-07-01T15:39:27.082182,zenrows,linkedin_profile,https://www.linkedin.com/in/hamna-ghufran/,20,200,51898.1,True
2026-07-01T15:39:47.784679,zenrows,linkedin_profile,https://www.linkedin.com/in/hamna-ghufran/,21,200,20620.2,True
2026-07-01T15:40:29.564687,zenrows,linkedin_profile,https://www.linkedin.com/in/hamna-ghufran/,22,200,41603.5,True
2026-07-01T15:41:19.724934,zenrows,linkedin_profile,https://www.linkedin.com/in/hamna-ghufran/,23,200,50063.8,True
2026-07-01T15:41:37.784287,zenrows,linkedin_profile,https://www.linkedin.com/in/hamna-ghufran/,24,200,17907.2,True
2026-07-01T15:42:06.306210,zenrows,linkedin_profile,https://www.linkedin.com/in/hamna-ghufran/,25,200,28429.6,True
2026-07-01T15:42:44.263875,zenrows,linkedin_profile,https://www.linkedin.com/in/hamna-ghufran/,26,200,37870.4,True
2026-07-01T15:43:01.397111,zenrows,linkedin_profile,https://www.linkedin.com/in/hamna-ghufran/,27,200,17045.5,True
2026-07-01T15:43:29.229997,zenrows,linkedin_profile,https://www.linkedin.com/in/hamna-ghufran/,28,200,27695.3,True
2026-07-01T15:43:59.655469,zenrows,linkedin_profile,https://www.linkedin.com/in/hamna-ghufran/,29,200,30258.8,True
2026-07-01T15:44:27.115955,zenrows,linkedin_profile,https://www.linkedin.com/in/hamna-ghufran/,30,200,27311.3,True
2026-07-01T15:44:45.261095,zenrows,linkedin_profile,https://www.linkedin.com/in/hamna-ghufran/,31,200,17972.2,True
2026-07-01T15:45:08.043321,zenrows,linkedin_profile,https://www.linkedin.com/in/hamna-ghufran/,32,200,22609.8,True
2026-07-01T15:45:22.702315,zenrows,linkedin_profile,https://www.linkedin.com/in/hamna-ghufran/,33,200,14485.4,True
2026-07-01T15:45:31.141812,zenrows,linkedin_profile,https://www.linkedin.com/in/hamna-ghufran/,34,200,8258.5,True
2026-07-01T15:45:43.063787,zenrows,linkedin_profile,https://www.linkedin.com/in/hamna-ghufran/,35,200,11769.4,True
2026-07-01T15:46:13.900449,zenrows,linkedin_profile,https://www.linkedin.com/in/hamna-ghufran/,36,200,30679.5,True
2026-07-01T15:47:12.182306,zenrows,linkedin_profile,https://www.linkedin.com/in/hamna-ghufran/,37,200,58195.4,True
2026-07-01T15:47:25.288608,zenrows,linkedin_profile,https://www.linkedin.com/in/hamna-ghufran/,38,200,12996.9,True
2026-07-01T15:47:56.701510,zenrows,linkedin_profile,https://www.linkedin.com/in/hamna-ghufran/,39,200,31326.6,True
2026-07-01T15:48:21.377612,zenrows,linkedin_profile,https://www.linkedin.com/in/hamna-ghufran/,40,200,24582.1,True
2026-07-01T15:48:51.010349,zenrows,linkedin_profile,https://www.linkedin.com/in/hamna-ghufran/,41,200,29485.7,True
2026-07-01T15:49:12.050967,zenrows,linkedin_profile,https://www.linkedin.com/in/hamna-ghufran/,42,200,20888.4,True
2026-07-01T15:49:35.938131,zenrows,linkedin_profile,https://www.linkedin.com/in/hamna-ghufran/,43,200,23690.2,True
2026-07-01T15:49:57.267696,zenrows,linkedin_profile,https://www.linkedin.com/in/hamna-ghufran/,44,200,21175.7,True
2026-07-01T15:50:12.232514,zenrows,linkedin_profile,https://www.linkedin.com/in/hamna-ghufran/,45,200,14812.9,True
2026-07-01T15:50:24.919096,zenrows,linkedin_profile,https://www.linkedin.com/in/hamna-ghufran/,46,200,12563.5,True
2026-07-01T15:50:51.476830,zenrows,linkedin_profile,https://www.linkedin.com/in/hamna-ghufran/,47,200,26412.5,True
2026-07-01T15:51:04.237410,zenrows,linkedin_profile,https://www.linkedin.com/in/hamna-ghufran/,48,200,12625.5,True
2026-07-01T15:51:19.293512,zenrows,linkedin_profile,https://www.linkedin.com/in/hamna-ghufran/,49,200,14890.0,True
2026-07-01T15:52:20.094285,zenrows,linkedin_profile,https://www.linkedin.com/in/hamna-ghufran/,50,0,60800.4,False
2026-07-01T15:53:20.811053,zenrows,linkedin_profile,https://www.linkedin.com/in/hamna-ghufran/,51,0,60716.5,False
2026-07-01T15:54:03.002094,zenrows,linkedin_profile,https://www.linkedin.com/in/hamna-ghufran/,52,200,42053.8,True
2026-07-01T15:54:21.519968,zenrows,linkedin_profile,https://www.linkedin.com/in/hamna-ghufran/,53,200,18447.0,True
2026-07-01T15:54:48.843452,zenrows,linkedin_profile,https://www.linkedin.com/in/hamna-ghufran/,54,200,27251.0,True
2026-07-01T15:55:10.001853,zenrows,linkedin_profile,https://www.linkedin.com/in/hamna-ghufran/,55,200,20997.1,True
2026-07-01T15:55:21.520504,zenrows,linkedin_profile,https://www.linkedin.com/in/hamna-ghufran/,56,200,11453.7,True
2026-07-01T15:55:38.533857,zenrows,linkedin_profile,https://www.linkedin.com/in/hamna-ghufran/,57,200,16880.3,True
2026-07-01T15:56:06.964035,zenrows,linkedin_profile,https://www.linkedin.com/in/hamna-ghufran/,58,200,28294.9,True
2026-07-01T15:56:48.799469,zenrows,linkedin_profile,https://www.linkedin.com/in/hamna-ghufran/,59,200,41664.4,True
2026-07-01T15:57:16.051288,zenrows,linkedin_profile,https://www.linkedin.com/in/hamna-ghufran/,60,200,27121.4,True
2026-07-01T15:57:31.996353,zenrows,linkedin_profile,https://www.linkedin.com/in/hamna-ghufran/,61,200,15882.1,True
2026-07-01T15:57:52.779747,zenrows,linkedin_profile,https://www.linkedin.com/in/hamna-ghufran/,62,200,20717.9,True
2026-07-01T15:58:52.017640,zenrows,linkedin_profile,https://www.linkedin.com/in/hamna-ghufran/,63,200,59063.6,True
2026-07-01T15:59:10.358457,zenrows,linkedin_profile,https://www.linkedin.com/in/hamna-ghufran/,64,200,18248.9,True
2026-07-01T15:59:38.604851,zenrows,linkedin_profile,https://www.linkedin.com/in/hamna-ghufran/,65,200,28096.0,True
2026-07-01T15:59:51.189212,zenrows,linkedin_profile,https://www.linkedin.com/in/hamna-ghufran/,66,200,12495.3,True
2026-07-01T16:00:07.126722,zenrows,linkedin_profile,https://www.linkedin.com/in/hamna-ghufran/,67,200,15774.5,True
2026-07-01T16:00:29.847069,zenrows,linkedin_profile,https://www.linkedin.com/in/hamna-ghufran/,68,200,22600.8,True
2026-07-01T16:00:48.936528,zenrows,linkedin_profile,https://www.linkedin.com/in/hamna-ghufran/,69,200,19015.7,True
2026-07-01T16:01:30.217123,zenrows,linkedin_profile,https://www.linkedin.com/in/hamna-ghufran/,70,200,41188.5,True
2026-07-01T16:01:51.652014,zenrows,linkedin_profile,https://www.linkedin.com/in/hamna-ghufran/,71,200,21302.9,True
2026-07-01T16:02:10.826900,zenrows,linkedin_profile,https://www.linkedin.com/in/hamna-ghufran/,72,200,19042.2,True
2026-07-01T16:02:24.585340,zenrows,linkedin_profile,https://www.linkedin.com/in/hamna-ghufran/,73,200,13604.9,True
2026-07-01T16:02:51.617737,zenrows,linkedin_profile,https://www.linkedin.com/in/hamna-ghufran/,74,200,26899.1,True
2026-07-01T16:03:20.415858,zenrows,linkedin_profile,https://www.linkedin.com/in/hamna-ghufran/,75,200,28665.7,True
2026-07-01T16:03:47.936251,zenrows,linkedin_profile,https://www.linkedin.com/in/hamna-ghufran/,76,200,27413.3,True
2026-07-01T16:04:31.965190,zenrows,linkedin_profile,https://www.linkedin.com/in/hamna-ghufran/,77,200,43848.8,True
2026-07-01T16:04:59.403277,zenrows,linkedin_profile,https://www.linkedin.com/in/hamna-ghufran/,78,200,27338.8,True
2026-07-01T16:05:15.258253,zenrows,linkedin_profile,https://www.linkedin.com/in/hamna-ghufran/,79,200,15759.0,True
2026-07-01T16:06:16.161398,zenrows,linkedin_profile,https://www.linkedin.com/in/hamna-ghufran/,80,0,60901.6,False
2026-07-01T16:06:41.866536,zenrows,linkedin_profile,https://www.linkedin.com/in/hamna-ghufran/,81,200,25613.2,True
2026-07-01T16:06:58.607100,zenrows,linkedin_profile,https://www.linkedin.com/in/hamna-ghufran/,82,200,16585.8,True
2026-07-01T16:07:33.305422,zenrows,linkedin_profile,https://www.linkedin.com/in/hamna-ghufran/,83,200,34548.4,True
2026-07-01T16:08:36.274448,zenrows,linkedin_profile,https://www.linkedin.com/in/hamna-ghufran/,84,0,62967.5,False
2026-07-01T16:08:54.818345,zenrows,linkedin_profile,https://www.linkedin.com/in/hamna-ghufran/,85,200,18405.8,True
2026-07-01T16:09:10.910716,zenrows,linkedin_profile,https://www.linkedin.com/in/hamna-ghufran/,86,200,15996.1,True
2026-07-01T16:10:11.667213,zenrows,linkedin_profile,https://www.linkedin.com/in/hamna-ghufran/,87,0,60755.6,False
2026-07-01T16:11:20.846396,zenrows,linkedin_profile,https://www.linkedin.com/in/hamna-ghufran/,88,0,62759.1,False
2026-07-01T16:11:43.214945,zenrows,linkedin_profile,https://www.linkedin.com/in/hamna-ghufran/,89,200,22249.5,True
2026-07-01T16:12:22.610842,zenrows,linkedin_profile,https://www.linkedin.com/in/hamna-ghufran/,90,200,39322.7,True
2026-07-01T16:13:09.523606,zenrows,linkedin_profile,https://www.linkedin.com/in/hamna-ghufran/,91,200,46843.5,True
2026-07-01T16:14:11.564374,zenrows,linkedin_profile,https://www.linkedin.com/in/hamna-ghufran/,92,0,62039.8,False
2026-07-01T16:14:48.464722,zenrows,linkedin_profile,https://www.linkedin.com/in/hamna-ghufran/,93,200,36761.9,True
2026-07-01T16:15:14.014449,zenrows,linkedin_profile,https://www.linkedin.com/in/hamna-ghufran/,94,200,25372.8,True
2026-07-01T16:15:51.687423,zenrows,linkedin_profile,https://www.linkedin.com/in/hamna-ghufran/,95,200,37598.1,True
2026-07-01T16:17:18.914569,zenrows,linkedin_profile,https://www.linkedin.com/in/hamna-ghufran/,96,499,40684.9,False
2026-07-01T16:18:20.017261,zenrows,linkedin_profile,https://www.linkedin.com/in/hamna-ghufran/,97,0,61101.6,False
2026-07-01T16:19:20.929180,zenrows,linkedin_profile,https://www.linkedin.com/in/hamna-ghufran/,98,0,60900.3,False
2026-07-01T16:20:19.708935,zenrows,linkedin_profile,https://www.linkedin.com/in/hamna-ghufran/,99,200,58703.0,True
2026-07-01T16:21:20.028588,zenrows,linkedin_profile,https://www.linkedin.com/in/hamna-ghufran/,100,200,60251.0,True
2026-07-01T16:22:12.040097,zyte,linkedin_profile,https://www.linkedin.com/in/hamna-ghufran/,1,451,52018.0,False
2026-07-01T16:22:17.929628,zyte,linkedin_profile,https://www.linkedin.com/in/hamna-ghufran/,2,451,5888.8,False
2026-07-01T16:22:19.778580,zyte,linkedin_profile,https://www.linkedin.com/in/hamna-ghufran/,3,451,1846.7,False
2026-07-01T16:22:37.851965,zyte,linkedin_profile,https://www.linkedin.com/in/hamna-ghufran/,4,451,18072.1,False
2026-07-01T16:23:01.813601,zyte,linkedin_profile,https://www.linkedin.com/in/hamna-ghufran/,5,451,23960.2,False
2026-07-01T16:23:05.137586,zyte,linkedin_profile,https://www.linkedin.com/in/hamna-ghufran/,6,451,3322.0,False
2026-07-01T16:23:07.310229,zyte,linkedin_profile,https://www.linkedin.com/in/hamna-ghufran/,7,451,2169.7,False
2026-07-01T16:23:08.861793,zyte,linkedin_profile,https://www.linkedin.com/in/hamna-ghufran/,8,451,1547.2,False
2026-07-01T16:23:10.234287,zyte,linkedin_profile,https://www.linkedin.com/in/hamna-ghufran/,9,451,1369.6,False
2026-07-01T16:23:11.624480,zyte,linkedin_profile,https://www.linkedin.com/in/hamna-ghufran/,10,451,1388.8,False
2026-07-01T16:23:13.282955,zyte,linkedin_profile,https://www.linkedin.com/in/hamna-ghufran/,11,451,1655.8,False
2026-07-01T16:23:15.604691,zyte,linkedin_profile,https://www.linkedin.com/in/hamna-ghufran/,12,451,2319.5,False
2026-07-01T16:23:18.327449,zyte,linkedin_profile,https://www.linkedin.com/in/hamna-ghufran/,13,451,2720.7,False
2026-07-01T16:23:20.535845,zyte,linkedin_profile,https://www.linkedin.com/in/hamna-ghufran/,14,451,2205.3,False
2026-07-01T16:23:22.088526,zyte,linkedin_profile,https://www.linkedin.com/in/hamna-ghufran/,15,451,1550.1,False
2026-07-01T16:23:23.628797,zyte,linkedin_profile,https://www.linkedin.com/in/hamna-ghufran/,16,451,1536.6,False
2026-07-01T16:23:25.081101,zyte,linkedin_profile,https://www.linkedin.com/in/hamna-ghufran/,17,451,1448.9,False
2026-07-01T16:23:26.387869,zyte,linkedin_profile,https://www.linkedin.com/in/hamna-ghufran/,18,451,1305.1,False
2026-07-01T16:23:27.595124,zyte,linkedin_profile,https://www.linkedin.com/in/hamna-ghufran/,19,451,1203.7,False
2026-07-01T16:23:28.769845,zyte,linkedin_profile,https://www.linkedin.com/in/hamna-ghufran/,20,451,1172.0,False
2026-07-01T16:23:30.087836,zyte,linkedin_profile,https://www.linkedin.com/in/hamna-ghufran/,21,451,1314.8,False
2026-07-01T16:23:31.465146,zyte,linkedin_profile,https://www.linkedin.com/in/hamna-ghufran/,22,451,1374.2,False
2026-07-01T16:23:32.697535,zyte,linkedin_profile,https://www.linkedin.com/in/hamna-ghufran/,23,451,1229.4,False
2026-07-01T16:23:34.273309,zyte,linkedin_profile,https://www.linkedin.com/in/hamna-ghufran/,24,451,1572.3,False
2026-07-01T16:23:35.706950,zyte,linkedin_profile,https://www.linkedin.com/in/hamna-ghufran/,25,451,1430.4,False
2026-07-01T16:23:37.054400,zyte,linkedin_profile,https://www.linkedin.com/in/hamna-ghufran/,26,451,1343.0,False
2026-07-01T16:23:38.367974,zyte,linkedin_profile,https://www.linkedin.com/in/hamna-ghufran/,27,451,1311.3,False
2026-07-01T16:23:39.540062,zyte,linkedin_profile,https://www.linkedin.com/in/hamna-ghufran/,28,451,1170.0,False
2026-07-01T16:23:40.751042,zyte,linkedin_profile,https://www.linkedin.com/in/hamna-ghufran/,29,451,1209.3,False
2026-07-01T16:23:42.009369,zyte,linkedin_profile,https://www.linkedin.com/in/hamna-ghufran/,30,451,1255.7,False
2026-07-01T16:23:43.265067,zyte,linkedin_profile,https://www.linkedin.com/in/hamna-ghufran/,31,451,1253.9,False
2026-07-01T16:23:44.576218,zyte,linkedin_profile,https://www.linkedin.com/in/hamna-ghufran/,32,451,1306.7,False
2026-07-01T16:23:45.897417,zyte,linkedin_profile,https://www.linkedin.com/in/hamna-ghufran/,33,451,1317.0,False
2026-07-01T16:23:47.790433,zyte,linkedin_profile,https://www.linkedin.com/in/hamna-ghufran/,34,451,1889.2,False
2026-07-01T16:23:49.656130,zyte,linkedin_profile,https://www.linkedin.com/in/hamna-ghufran/,35,451,1862.5,False
2026-07-01T16:23:51.168763,zyte,linkedin_profile,https://www.linkedin.com/in/hamna-ghufran/,36,451,1510.0,False
2026-07-01T16:23:52.615378,zyte,linkedin_profile,https://www.linkedin.com/in/hamna-ghufran/,37,451,1442.7,False
2026-07-01T16:23:55.560257,zyte,linkedin_profile,https://www.linkedin.com/in/hamna-ghufran/,38,451,2942.3,False
2026-07-01T16:23:59.954015,zyte,linkedin_profile,https://www.linkedin.com/in/hamna-ghufran/,39,451,4390.9,False
2026-07-01T16:24:01.307116,zyte,linkedin_profile,https://www.linkedin.com/in/hamna-ghufran/,40,451,1350.3,False
2026-07-01T16:24:02.621739,zyte,linkedin_profile,https://www.linkedin.com/in/hamna-ghufran/,41,451,1311.3,False
2026-07-01T16:24:03.843498,zyte,linkedin_profile,https://www.linkedin.com/in/hamna-ghufran/,42,451,1219.4,False
2026-07-01T16:24:05.096996,zyte,linkedin_profile,https://www.linkedin.com/in/hamna-ghufran/,43,451,1252.4,False
2026-07-01T16:24:06.324430,zyte,linkedin_profile,https://www.linkedin.com/in/hamna-ghufran/,44,451,1224.5,False
2026-07-01T16:24:07.554659,zyte,linkedin_profile,https://www.linkedin.com/in/hamna-ghufran/,45,451,1227.1,False
2026-07-01T16:24:08.885030,zyte,linkedin_profile,https://www.linkedin.com/in/hamna-ghufran/,46,451,1327.4,False
2026-07-01T16:24:10.093979,zyte,linkedin_profile,https://www.linkedin.com/in/hamna-ghufran/,47,451,1206.8,False
2026-07-01T16:24:11.314467,zyte,linkedin_profile,https://www.linkedin.com/in/hamna-ghufran/,48,451,1217.7,False
2026-07-01T16:24:13.769226,zyte,linkedin_profile,https://www.linkedin.com/in/hamna-ghufran/,49,451,2452.3,False
2026-07-01T16:24:16.515173,zyte,linkedin_profile,https://www.linkedin.com/in/hamna-ghufran/,50,451,2742.4,False
2026-07-01T16:24:18.411023,zyte,linkedin_profile,https://www.linkedin.com/in/hamna-ghufran/,51,451,1893.6,False
2026-07-01T16:24:19.739453,zyte,linkedin_profile,https://www.linkedin.com/in/hamna-ghufran/,52,451,1325.7,False
2026-07-01T16:24:21.073521,zyte,linkedin_profile,https://www.linkedin.com/in/hamna-ghufran/,53,451,1330.0,False
2026-07-01T16:24:22.300035,zyte,linkedin_profile,https://www.linkedin.com/in/hamna-ghufran/,54,451,1221.5,False
2026-07-01T16:24:23.671959,zyte,linkedin_profile,https://www.linkedin.com/in/hamna-ghufran/,55,451,1369.1,False
2026-07-01T16:24:24.845927,zyte,linkedin_profile,https://www.linkedin.com/in/hamna-ghufran/,56,451,1163.0,False
2026-07-01T16:24:26.100557,zyte,linkedin_profile,https://www.linkedin.com/in/hamna-ghufran/,57,451,1252.4,False
2026-07-01T16:24:27.315370,zyte,linkedin_profile,https://www.linkedin.com/in/hamna-ghufran/,58,451,1212.2,False
2026-07-01T16:24:28.495792,zyte,linkedin_profile,https://www.linkedin.com/in/hamna-ghufran/,59,451,1177.4,False
2026-07-01T16:24:29.673655,zyte,linkedin_profile,https://www.linkedin.com/in/hamna-ghufran/,60,451,1176.0,False
2026-07-01T16:24:30.889366,zyte,linkedin_profile,https://www.linkedin.com/in/hamna-ghufran/,61,451,1213.0,False
2026-07-01T16:24:32.059420,zyte,linkedin_profile,https://www.linkedin.com/in/hamna-ghufran/,62,451,1160.7,False
2026-07-01T16:24:33.178698,zyte,linkedin_profile,https://www.linkedin.com/in/hamna-ghufran/,63,451,1116.7,False
2026-07-01T16:24:34.404755,zyte,linkedin_profile,https://www.linkedin.com/in/hamna-ghufran/,64,451,1221.5,False
2026-07-01T16:24:35.685758,zyte,linkedin_profile,https://www.linkedin.com/in/hamna-ghufran/,65,451,1279.0,False
2026-07-01T16:24:36.947354,zyte,linkedin_profile,https://www.linkedin.com/in/hamna-ghufran/,66,451,1258.5,False
2026-07-01T16:24:38.209695,zyte,linkedin_profile,https://www.linkedin.com/in/hamna-ghufran/,67,451,1260.1,False
2026-07-01T16:24:39.399555,zyte,linkedin_profile,https://www.linkedin.com/in/hamna-ghufran/,68,451,1187.1,False
2026-07-01T16:24:40.612295,zyte,linkedin_profile,https://www.linkedin.com/in/hamna-ghufran/,69,451,1210.2,False
2026-07-01T16:24:41.908769,zyte,linkedin_profile,https://www.linkedin.com/in/hamna-ghufran/,70,451,1294.3,False
2026-07-01T16:24:43.290649,zyte,linkedin_profile,https://www.linkedin.com/in/hamna-ghufran/,71,451,1379.0,False
2026-07-01T16:24:44.679560,zyte,linkedin_profile,https://www.linkedin.com/in/hamna-ghufran/,72,451,1385.7,False
2026-07-01T16:24:46.048890,zyte,linkedin_profile,https://www.linkedin.com/in/hamna-ghufran/,73,451,1366.0,False
2026-07-01T16:24:47.527227,zyte,linkedin_profile,https://www.linkedin.com/in/hamna-ghufran/,74,451,1476.4,False
2026-07-01T16:24:48.812751,zyte,linkedin_profile,https://www.linkedin.com/in/hamna-ghufran/,75,451,1282.5,False
2026-07-01T16:24:50.192025,zyte,linkedin_profile,https://www.linkedin.com/in/hamna-ghufran/,76,451,1376.4,False
2026-07-01T16:24:51.377178,zyte,linkedin_profile,https://www.linkedin.com/in/hamna-ghufran/,77,451,1183.1,False
2026-07-01T16:24:52.818044,zyte,linkedin_profile,https://www.linkedin.com/in/hamna-ghufran/,78,451,1434.6,False
2026-07-01T16:24:54.551540,zyte,linkedin_profile,https://www.linkedin.com/in/hamna-ghufran/,79,451,1731.2,False
2026-07-01T16:24:55.850066,zyte,linkedin_profile,https://www.linkedin.com/in/hamna-ghufran/,80,451,1296.3,False
2026-07-01T16:24:57.530206,zyte,linkedin_profile,https://www.linkedin.com/in/hamna-ghufran/,81,451,1677.3,False
2026-07-01T16:24:59.328734,zyte,linkedin_profile,https://www.linkedin.com/in/hamna-ghufran/,82,451,1796.0,False
2026-07-01T16:25:00.618634,zyte,linkedin_profile,https://www.linkedin.com/in/hamna-ghufran/,83,451,1286.5,False
2026-07-01T16:25:01.897167,zyte,linkedin_profile,https://www.linkedin.com/in/hamna-ghufran/,84,451,1277.0,False
2026-07-01T16:25:03.391682,zyte,linkedin_profile,https://www.linkedin.com/in/hamna-ghufran/,85,451,1489.3,False
2026-07-01T16:25:04.918848,zyte,linkedin_profile,https://www.linkedin.com/in/hamna-ghufran/,86,451,1523.3,False
2026-07-01T16:25:06.335362,zyte,linkedin_profile,https://www.linkedin.com/in/hamna-ghufran/,87,451,1414.7,False
2026-07-01T16:25:07.772539,zyte,linkedin_profile,https://www.linkedin.com/in/hamna-ghufran/,88,451,1433.9,False
2026-07-01T16:25:09.007641,zyte,linkedin_profile,https://www.linkedin.com/in/hamna-ghufran/,89,451,1230.1,False
2026-07-01T16:25:10.823222,zyte,linkedin_profile,https://www.linkedin.com/in/hamna-ghufran/,90,451,1812.3,False
2026-07-01T16:25:12.875502,zyte,linkedin_profile,https://www.linkedin.com/in/hamna-ghufran/,91,451,2050.3,False
2026-07-01T16:25:14.912203,zyte,linkedin_profile,https://www.linkedin.com/in/hamna-ghufran/,92,451,2032.0,False
2026-07-01T16:25:16.990264,zyte,linkedin_profile,https://www.linkedin.com/in/hamna-ghufran/,93,451,2076.0,False
2026-07-01T16:25:20.065500,zyte,linkedin_profile,https://www.linkedin.com/in/hamna-ghufran/,94,451,3072.5,False
2026-07-01T16:25:21.355593,zyte,linkedin_profile,https://www.linkedin.com/in/hamna-ghufran/,95,451,1286.1,False
2026-07-01T16:25:23.027010,zyte,linkedin_profile,https://www.linkedin.com/in/hamna-ghufran/,96,451,1668.1,False
2026-07-01T16:25:24.486739,zyte,linkedin_profile,https://www.linkedin.com/in/hamna-ghufran/,97,451,1456.6,False
2026-07-01T16:25:26.286740,zyte,linkedin_profile,https://www.linkedin.com/in/hamna-ghufran/,98,451,1796.7,False
2026-07-01T16:25:28.450288,zyte,linkedin_profile,https://www.linkedin.com/in/hamna-ghufran/,99,451,2160.6,False
2026-07-01T16:25:29.887485,zyte,linkedin_profile,https://www.linkedin.com/in/hamna-ghufran/,100,451,1435.4,False
